#
# There is insufficient memory for the Java Runtime Environment to continue.
# Native memory allocation (mmap) failed to map 65536 bytes. Error detail: Failed to commit metaspace.
# Possible reasons:
#   The system is out of physical RAM or swap space
#   This process is running with CompressedOops enabled, and the Java Heap may be blocking the growth of the native heap
# Possible solutions:
#   Reduce memory load on the system
#   Increase physical memory or swap space
#   Check if swap backing store is full
#   Decrease Java heap size (-Xmx/-Xms)
#   Decrease number of Java threads
#   Decrease Java thread stack sizes (-Xss)
#   Set larger code cache with -XX:ReservedCodeCacheSize=
#   JVM is running with Unscaled Compressed Oops mode in which the Java heap is
#     placed in the first 4GB address space. The Java Heap base address is the
#     maximum limit for the native heap growth. Please use -XX:HeapBaseMinAddress
#     to set the Java Heap base and to place the Java Heap above 4GB virtual address.
# This output file may be truncated or incomplete.
#
#  Out of Memory Error (virtualSpaceNode.cpp:113), pid=34336, tid=35916
#
# JRE version: OpenJDK Runtime Environment Temurin-21.0.10+7 (21.0.10+7) (build 21.0.10+7-LTS)
# Java VM: OpenJDK 64-Bit Server VM Temurin-21.0.10+7 (21.0.10+7-LTS, mixed mode, sharing, tiered, compressed oops, compressed class ptrs, parallel gc, windows-amd64)
# No core dump will be written. Minidumps are not enabled by default on client versions of Windows
#

---------------  S U M M A R Y ------------

Command Line: --add-modules=ALL-SYSTEM --add-opens=java.base/java.util=ALL-UNNAMED --add-opens=java.base/java.lang=ALL-UNNAMED --add-opens=java.base/sun.nio.fs=ALL-UNNAMED -Declipse.application=org.eclipse.jdt.ls.core.id1 -Dosgi.bundles.defaultStartLevel=4 -Declipse.product=org.eclipse.jdt.ls.core.product -Djava.import.generatesMetadataFilesAtProjectRoot=false -DDetectVMInstallationsJob.disabled=true -Dfile.encoding=utf8 -XX:+UseParallelGC -XX:GCTimeRatio=4 -XX:AdaptiveSizePolicyWeight=90 -Dsun.zip.disableMemoryMapping=true -Xmx2G -Xms100m -Xlog:disable -javaagent:c:\Users\13372\.trae-cn\extensions\redhat.java-1.53.0-win32-x64\lombok\lombok-1.18.39-4050.jar c:\Users\13372\.trae-cn\extensions\redhat.java-1.53.0-win32-x64\server\plugins\org.eclipse.equinox.launcher_1.7.100.v20251111-0406.jar -configuration c:\Users\13372\AppData\Roaming\Trae CN\User\globalStorage\redhat.java\1.53.0\config_ss_win -data c:\Users\13372\AppData\Roaming\Trae CN\User\workspaceStorage\4b5feb811c54631e0f5b78dfcdf9e2d6\redhat.java\ss_ws --pipe=\\.\pipe\lsp-b4aaf59d2366c7342e0dbf568b35448a-sock

Host: 13th Gen Intel(R) Core(TM) i7-13650HX, 20 cores, 15G,  Windows 11 , 64 bit Build 22621 (10.0.22621.5415)
Time: Mon Apr 13 22:29:23 2026 elapsed time: 13.392536 seconds (0d 0h 0m 13s)

---------------  T H R E A D  ---------------

Current thread (0x00000242e48a6890):  JavaThread "pool-1-thread-1"        [_thread_in_vm, id=35916, stack(0x0000009c32a00000,0x0000009c32b00000) (1024K)]

Stack: [0x0000009c32a00000,0x0000009c32b00000]
Native frames: (J=compiled Java code, j=interpreted, Vv=VM code, C=native code)
V  [jvm.dll+0x6d7a39]
V  [jvm.dll+0x8b4b26]
V  [jvm.dll+0x8b70de]
V  [jvm.dll+0x8b77c3]
V  [jvm.dll+0x284346]
V  [jvm.dll+0x8b086e]
V  [jvm.dll+0x679444]
V  [jvm.dll+0x1e82bb]
V  [jvm.dll+0x1e807e]
V  [jvm.dll+0x67bd42]
V  [jvm.dll+0x67bb72]
V  [jvm.dll+0x679e1e]
V  [jvm.dll+0x26f614]
V  [jvm.dll+0x219f3f]
V  [jvm.dll+0x20f62e]
V  [jvm.dll+0x5b644f]
V  [jvm.dll+0x82ead6]
V  [jvm.dll+0x478db8]
V  [jvm.dll+0x47ebe8]
C  [java.dll+0x17ec]

Java frames: (J=compiled Java code, j=interpreted, Vv=VM code)
J 1182  java.lang.ClassLoader.defineClass1(Ljava/lang/ClassLoader;Ljava/lang/String;[BIILjava/security/ProtectionDomain;Ljava/lang/String;)Ljava/lang/Class; java.base@21.0.10 (0 bytes) @ 0x00000242940bfa91 [0x00000242940bf9c0+0x00000000000000d1]
J 1928 c1 java.lang.ClassLoader.defineClass(Ljava/lang/String;[BIILjava/security/ProtectionDomain;)Ljava/lang/Class; java.base@21.0.10 (43 bytes) @ 0x000002428c82dc7c [0x000002428c82d920+0x000000000000035c]
J 2139 c1 org.eclipse.osgi.internal.loader.ModuleClassLoader.defineClass(Ljava/lang/String;[BLorg/eclipse/osgi/internal/loader/classpath/ClasspathEntry;)Lorg/eclipse/osgi/internal/loader/ModuleClassLoader$DefineClassResult; (67 bytes) @ 0x000002428c8b524c [0x000002428c8b4f20+0x000000000000032c]
J 2295 c1 org.eclipse.osgi.internal.loader.classpath.ClasspathManager.defineClass(Ljava/lang/String;[BLorg/eclipse/osgi/internal/loader/classpath/ClasspathEntry;Lorg/eclipse/osgi/storage/bundlefile/BundleEntry;Ljava/util/List;)Ljava/lang/Class; (636 bytes) @ 0x000002428c9015e4 [0x000002428c8ffb40+0x0000000000001aa4]
J 3170 c1 org.eclipse.osgi.internal.loader.classpath.ClasspathManager.findClassImpl(Ljava/lang/String;Lorg/eclipse/osgi/internal/loader/classpath/ClasspathEntry;Ljava/util/List;)Ljava/lang/Class; (328 bytes) @ 0x000002428caf29a4 [0x000002428caef680+0x0000000000003324]
J 2084 c1 org.eclipse.osgi.internal.loader.classpath.ClasspathManager.findLocalClassImpl(Ljava/lang/String;[Lorg/eclipse/osgi/internal/loader/classpath/ClasspathEntry;Ljava/util/List;)Ljava/lang/Class; (55 bytes) @ 0x000002428c88e1e4 [0x000002428c88e060+0x0000000000000184]
J 2273 c1 org.eclipse.osgi.internal.loader.classpath.ClasspathManager.findLocalClassImpl(Ljava/lang/String;Ljava/util/List;)Ljava/lang/Class; (132 bytes) @ 0x000002428c8ecf94 [0x000002428c8eca60+0x0000000000000534]
J 2077 c1 org.eclipse.osgi.internal.loader.classpath.ClasspathManager.findLocalClass(Ljava/lang/String;)Ljava/lang/Class; (210 bytes) @ 0x000002428c880724 [0x000002428c87fa60+0x0000000000000cc4]
J 2075 c1 org.eclipse.osgi.internal.loader.BundleLoader.findLocalClass(Ljava/lang/String;)Ljava/lang/Class; (159 bytes) @ 0x000002428c882fd4 [0x000002428c8823e0+0x0000000000000bf4]
J 1988 c1 org.eclipse.osgi.internal.loader.BundleLoader.findClass0(Ljava/lang/String;ZZ)Ljava/lang/Class; (490 bytes) @ 0x000002428c857114 [0x000002428c853f60+0x00000000000031b4]
J 1987 c1 org.eclipse.osgi.internal.loader.BundleLoader.findClass(Ljava/lang/String;)Ljava/lang/Class; (8 bytes) @ 0x000002428c8530cc [0x000002428c853040+0x000000000000008c]
J 1992 c1 org.eclipse.osgi.internal.loader.ModuleClassLoader.loadClass(Ljava/lang/String;Z)Ljava/lang/Class; (36 bytes) @ 0x000002428c85c8cc [0x000002428c85c6a0+0x000000000000022c]
J 3341 c2 java.lang.ClassLoader.loadClass(Ljava/lang/String;)Ljava/lang/Class; java.base@21.0.10 (7 bytes) @ 0x00000242941ced6c [0x00000242941ced20+0x000000000000004c]
v  ~StubRoutines::call_stub 0x000002429390100d
j  org.eclipse.jdt.core.manipulation.CoreASTProvider.createAST(Lorg/eclipse/jdt/core/ITypeRoot;Lorg/eclipse/core/runtime/IProgressMonitor;)Lorg/eclipse/jdt/core/dom/CompilationUnit;+27
j  org.eclipse.jdt.core.manipulation.CoreASTProvider.getAST(Lorg/eclipse/jdt/core/ITypeRoot;Lorg/eclipse/jdt/core/manipulation/CoreASTProvider$WAIT_FLAG;Lorg/eclipse/core/runtime/IProgressMonitor;)Lorg/eclipse/jdt/core/dom/CompilationUnit;+408
j  org.eclipse.jdt.ls.core.internal.handlers.BaseDocumentLifeCycleHandler.checkPackageDeclaration(Ljava/lang/String;Lorg/eclipse/jdt/core/ICompilationUnit;)Lorg/eclipse/jdt/core/ICompilationUnit;+57
j  org.eclipse.jdt.ls.core.internal.handlers.BaseDocumentLifeCycleHandler.handleOpen(Lorg/eclipse/lsp4j/DidOpenTextDocumentParams;)Lorg/eclipse/jdt/core/ICompilationUnit;+204
j  org.eclipse.jdt.ls.core.internal.handlers.BaseDocumentLifeCycleHandler.didOpen(Lorg/eclipse/lsp4j/DidOpenTextDocumentParams;)V+57
j  org.eclipse.jdt.ls.core.internal.syntaxserver.SyntaxLanguageServer.didOpen(Lorg/eclipse/lsp4j/DidOpenTextDocumentParams;)V+11
j  java.lang.invoke.LambdaForm$DMH+0x00000242a1171000.invokeInterface(Ljava/lang/Object;Ljava/lang/Object;Ljava/lang/Object;)V+24 java.base@21.0.10
j  java.lang.invoke.LambdaForm$MH+0x00000242a10b5c00.invoke(Ljava/lang/Object;Ljava/lang/Object;Ljava/lang/Object;)Ljava/lang/Object;+52 java.base@21.0.10
j  java.lang.invoke.Invokers$Holder.invokeExact_MT(Ljava/lang/Object;Ljava/lang/Object;Ljava/lang/Object;Ljava/lang/Object;)Ljava/lang/Object;+20 java.base@21.0.10
J 1587 c1 jdk.internal.reflect.DirectMethodHandleAccessor.invoke(Ljava/lang/Object;[Ljava/lang/Object;)Ljava/lang/Object; java.base@21.0.10 (92 bytes) @ 0x000002428c76f664 [0x000002428c76e280+0x00000000000013e4]
J 1584 c1 java.lang.reflect.Method.invoke(Ljava/lang/Object;[Ljava/lang/Object;)Ljava/lang/Object; java.base@21.0.10 (108 bytes) @ 0x000002428c7666d4 [0x000002428c7661c0+0x0000000000000514]
j  org.eclipse.lsp4j.jsonrpc.services.GenericEndpoint.lambda$recursiveFindRpcMethods$0(Lorg/eclipse/lsp4j/jsonrpc/services/AnnotationUtil$MethodInfo;Ljava/lang/Object;Ljava/lang/Object;)Ljava/util/concurrent/CompletableFuture;+20
j  org.eclipse.lsp4j.jsonrpc.services.GenericEndpoint$$Lambda+0x00000242a1316f48.apply(Ljava/lang/Object;)Ljava/lang/Object;+13
j  org.eclipse.lsp4j.jsonrpc.services.GenericEndpoint.notify(Ljava/lang/String;Ljava/lang/Object;)V+18
j  org.eclipse.lsp4j.jsonrpc.RemoteEndpoint.handleNotification(Lorg/eclipse/lsp4j/jsonrpc/messages/NotificationMessage;)V+20
j  org.eclipse.lsp4j.jsonrpc.RemoteEndpoint.consume(Lorg/eclipse/lsp4j/jsonrpc/messages/Message;)V+14
j  org.eclipse.jdt.ls.core.internal.ParentProcessWatcher.lambda$1(Lorg/eclipse/lsp4j/jsonrpc/MessageConsumer;Lorg/eclipse/lsp4j/jsonrpc/messages/Message;)V+9
j  org.eclipse.jdt.ls.core.internal.ParentProcessWatcher$$Lambda+0x00000242a12cf3c0.consume(Lorg/eclipse/lsp4j/jsonrpc/messages/Message;)V+9
j  org.eclipse.lsp4j.jsonrpc.json.StreamMessageProducer.handleMessage(Ljava/io/InputStream;Lorg/eclipse/lsp4j/jsonrpc/json/StreamMessageProducer$Headers;)Z+57
j  org.eclipse.lsp4j.jsonrpc.json.StreamMessageProducer.listen(Lorg/eclipse/lsp4j/jsonrpc/MessageConsumer;)V+140
j  org.eclipse.lsp4j.jsonrpc.json.ConcurrentMessageProcessor.run()V+12
j  java.util.concurrent.Executors$RunnableAdapter.call()Ljava/lang/Object;+4 java.base@21.0.10
j  java.util.concurrent.FutureTask.run()V+39 java.base@21.0.10
j  java.util.concurrent.ThreadPoolExecutor.runWorker(Ljava/util/concurrent/ThreadPoolExecutor$Worker;)V+92 java.base@21.0.10
j  java.util.concurrent.ThreadPoolExecutor$Worker.run()V+5 java.base@21.0.10
j  java.lang.Thread.runWith(Ljava/lang/Object;Ljava/lang/Runnable;)V+5 java.base@21.0.10
j  java.lang.Thread.run()V+19 java.base@21.0.10
v  ~StubRoutines::call_stub 0x000002429390100d

Compiled method (n/a) 13426 1182     n 0       java.lang.ClassLoader::defineClass1 (native)
 total in heap  [0x00000242940bf810,0x00000242940bfc98] = 1160
 relocation     [0x00000242940bf970,0x00000242940bf9a8] = 56
 main code      [0x00000242940bf9c0,0x00000242940bfc96] = 726
 stub code      [0x00000242940bfc96,0x00000242940bfc98] = 2

[Constant Pool (empty)]

[MachCode]
[Entry Point]
  # {method} {0x00000242a0434f58} 'defineClass1' '(Ljava/lang/ClassLoader;Ljava/lang/String;[BIILjava/security/ProtectionDomain;Ljava/lang/String;)Ljava/lang/Class;' in 'java/lang/ClassLoader'
  # parm0:    rdx:rdx   = 'java/lang/ClassLoader'
  # parm1:    r8:r8     = 'java/lang/String'
  # parm2:    r9:r9     = '[B'
  # parm3:    rdi       = int
  # parm4:    rsi       = int
  # parm5:    rcx:rcx   = 'java/security/ProtectionDomain'
  # parm6:    [sp+0xa0]   = 'java/lang/String'  (sp of caller)
  0x00000242940bf9c0: 448b 5208 | 49bb 0000 | 00a0 4202 | 0000 4d03 | d349 3bc2 | 0f84 0600 

  0x00000242940bf9d8: ;   {runtime_call ic_miss_stub}
  0x00000242940bf9d8: 0000 e9a1 | ea88 ff90 
[Verified Entry Point]
  0x00000242940bf9e0: 8984 2400 | 80ff ff55 | 488b ec48 | 81ec 9000 | 0000 6690 | 4181 7f20 | 0300 0000 

  0x00000242940bf9fc: ;   {runtime_call StubRoutines (final stubs)}
  0x00000242940bf9fc: 7405 e8dd | 8f87 ff48 | 837d 1000 | 488d 4510 | 480f 4445 | 1048 8944 | 2440 4889 | 4c24 7048 
  0x00000242940bfa1c: 83f9 0048 | 8d44 2470 | 480f 4444 | 2470 4889 | 4424 3848 | 8974 2430 | 4889 7c24 | 284c 894c 
  0x00000242940bfa3c: 2458 4983 | f900 488d | 4424 5848 | 0f44 4424 | 5848 8944 | 2420 4c89 | 4424 5049 | 83f8 004c 
  0x00000242940bfa5c: 8d4c 2450 | 4c0f 444c | 2450 4889 | 5424 4848 | 83fa 004c | 8d44 2448 | 4c0f 4444 

  0x00000242940bfa78: ;   {oop(a 'java/lang/Class'{0x0000000080000ad8} = 'java/lang/ClassLoader')}
  0x00000242940bfa78: 2448 49be | d80a 0080 | 0000 0000 | 4c89 7424 | 784c 8d74 | 2478 498b | d6c5 f877 

  0x00000242940bfa94: ;   {internal_word}
  0x00000242940bfa94: 49ba 91fa | 0b94 4202 | 0000 4d89 | 97a8 0300 | 0049 89a7 | a003 0000 

  0x00000242940bfaac: ;   {external_word}
  0x00000242940bfaac: 49ba c65c | c43d fc7f | 0000 4180 | 3a00 0f84 | 4e00 0000 | 5241 5041 

  0x00000242940bfac4: ;   {metadata({method} {0x00000242a0434f58} 'defineClass1' '(Ljava/lang/ClassLoader;Ljava/lang/String;[BIILjava/security/ProtectionDomain;Ljava/lang/String;)Ljava/lang/Class;' in 'java/lang/ClassLoader')}
  0x00000242940bfac4: 5148 ba50 | 4f43 a042 | 0200 0049 | 8bcf 4883 | ec20 40f6 | c40f 0f84 | 1900 0000 | 4883 ec08 
  0x00000242940bfae4: ;   {runtime_call}
  0x00000242940bfae4: 48b8 50e1 | 6d3d fc7f | 0000 ffd0 | 4883 c408 | e90c 0000 

  0x00000242940bfaf8: ;   {runtime_call}
  0x00000242940bfaf8: 0048 b850 | e16d 3dfc | 7f00 00ff | d048 83c4 | 2041 5941 | 585a 498d | 8fc0 0300 | 0041 c787 
  0x00000242940bfb18: 4c04 0000 | 0400 0000 

  0x00000242940bfb20: ;   {runtime_call}
  0x00000242940bfb20: 48b8 ac16 | 65cd fc7f | 0000 ffd0 | c5f8 7741 | c787 4c04 | 0000 0500 | 0000 f083 | 4424 c000 
  0x00000242940bfb40: 493b af50 | 0400 000f | 870e 0000 | 0041 83bf | 4804 0000 | 000f 842b | 0000 00c5 | f877 4889 
  0x00000242940bfb60: 45f8 498b | cf4c 8be4 | 4883 ec20 | 4883 e4f0 

  0x00000242940bfb70: ;   {runtime_call}
  0x00000242940bfb70: 48b8 d052 | 393d fc7f | 0000 ffd0 | 498b e44d | 33e4 488b | 45f8 41c7 | 874c 0400 | 0008 0000 
  0x00000242940bfb90: 0041 83bf | c804 0000 | 020f 84ca 

  0x00000242940bfb9c: ;   {external_word}
  0x00000242940bfb9c: 0000 0049 | bac6 5cc4 | 3dfc 7f00 | 0041 803a | 000f 844c | 0000 0048 

  0x00000242940bfbb4: ;   {metadata({method} {0x00000242a0434f58} 'defineClass1' '(Ljava/lang/ClassLoader;Ljava/lang/String;[BIILjava/security/ProtectionDomain;Ljava/lang/String;)Ljava/lang/Class;' in 'java/lang/ClassLoader')}
  0x00000242940bfbb4: 8945 f848 | ba50 4f43 | a042 0200 | 0049 8bcf | 4883 ec20 | 40f6 c40f | 0f84 1900 | 0000 4883 
  0x00000242940bfbd4: ;   {runtime_call}
  0x00000242940bfbd4: ec08 48b8 | 50e1 6d3d | fc7f 0000 | ffd0 4883 | c408 e90c 

  0x00000242940bfbe8: ;   {runtime_call}
  0x00000242940bfbe8: 0000 0048 | b850 e16d | 3dfc 7f00 | 00ff d048 | 83c4 2048 | 8b45 f849 | c787 a003 | 0000 0000 
  0x00000242940bfc08: 0000 49c7 | 87a8 0300 | 0000 0000 | 00c5 f877 | 4885 c00f | 8425 0000 | 00a8 030f | 8508 0000 
  0x00000242940bfc28: 0048 8b00 | e915 0000 | 00a8 010f | 8509 0000 | 0048 8b40 | fee9 0400 | 0000 488b | 40ff 498b 
  0x00000242940bfc48: 8f30 0400 | 00c7 8100 | 0100 0000 | 0000 00c9 | 4983 7f08 | 000f 8501 | 0000 00c3 

  0x00000242940bfc64: ;   {runtime_call StubRoutines (initial stubs)}
  0x00000242940bfc64: e997 1284 | ffc5 f877 | 4889 45f8 | 4c8b e448 | 83ec 2048 

  0x00000242940bfc78: ;   {runtime_call}
  0x00000242940bfc78: 83e4 f048 | b8a0 186e | 3dfc 7f00 | 00ff d049 | 8be4 4d33 | e448 8b45 | f8e9 09ff | ffff f4f4 
[/MachCode]


Compiled method (c1) 13434 1928       3       java.lang.ClassLoader::defineClass (43 bytes)
 total in heap  [0x000002428c82d710,0x000002428c82e070] = 2400
 relocation     [0x000002428c82d870,0x000002428c82d910] = 160
 main code      [0x000002428c82d920,0x000002428c82ddc0] = 1184
 stub code      [0x000002428c82ddc0,0x000002428c82de38] = 120
 metadata       [0x000002428c82de38,0x000002428c82de68] = 48
 scopes data    [0x000002428c82de68,0x000002428c82df58] = 240
 scopes pcs     [0x000002428c82df58,0x000002428c82e038] = 224
 dependencies   [0x000002428c82e038,0x000002428c82e048] = 16
 nul chk table  [0x000002428c82e048,0x000002428c82e070] = 40

[Constant Pool (empty)]

[MachCode]
[Entry Point]
  # {method} {0x00000242a04352d8} 'defineClass' '(Ljava/lang/String;[BIILjava/security/ProtectionDomain;)Ljava/lang/Class;' in 'java/lang/ClassLoader'
  # this:     rdx:rdx   = 'java/lang/ClassLoader'
  # parm0:    r8:r8     = 'java/lang/String'
  # parm1:    r9:r9     = '[B'
  # parm2:    rdi       = int
  # parm3:    rsi       = int
  # parm4:    rcx:rcx   = 'java/security/ProtectionDomain'
  #           [sp+0xc0]  (sp of caller)
  0x000002428c82d920: 448b 5208 | 49bb 0000 | 00a0 4202 | 0000 4d03 | d34c 3bd0 

  0x000002428c82d934: ;   {runtime_call ic_miss_stub}
  0x000002428c82d934: 0f85 460b | 1207 660f | 1f44 0000 
[Verified Entry Point]
  0x000002428c82d940: 8984 2400 | 80ff ff55 | 4881 ecb0 | 0000 0090 | 4181 7f20 | 0300 0000 

  0x000002428c82d958: ;   {runtime_call StubRoutines (final stubs)}
  0x000002428c82d958: 7405 e881 | b010 0748 | 8954 2478 

  0x000002428c82d964: ;   {metadata(method data for {method} {0x00000242a04352d8} 'defineClass' '(Ljava/lang/String;[BIILjava/security/ProtectionDomain;)Ljava/lang/Class;' in 'java/lang/ClassLoader')}
  0x000002428c82d964: 48bb 3804 | 38e5 4202 | 0000 8b83 | cc00 0000 | 83c0 0289 | 83cc 0000 | 0025 fe07 | 0000 85c0 
  0x000002428c82d984: 0f84 5803 | 0000 89b4 | 2494 0000 | 0089 bc24 | 9000 0000 | 4c89 8c24 | 8800 0000 

  0x000002428c82d9a0: ;   {metadata(method data for {method} {0x00000242a04352d8} 'defineClass' '(Ljava/lang/String;[BIILjava/security/ProtectionDomain;)Ljava/lang/Class;' in 'java/lang/ClassLoader')}
  0x000002428c82d9a0: 488b da48 | b838 0438 | e542 0200 | 0048 8380 | 1001 0000 | 0149 8bd8 | 4c8b c34c | 8bc9 488b 
  0x000002428c82d9c0: ca48 8bd1 | 4889 9c24 | 8000 0000 

  0x000002428c82d9cc: ;   {optimized virtual_call}
  0x000002428c82d9cc: 6666 90e8 

  0x000002428c82d9d0: ; ImmutableOopMap {[120]=Oop [128]=Oop [136]=Oop }
                      ;*invokevirtual preDefineClass {reexecute=0 rethrow=0 return_oop=0}
                      ; - java.lang.ClassLoader::defineClass@4
  0x000002428c82d9d0: cccb eeff 

  0x000002428c82d9d4: ;   {other}
  0x000002428c82d9d4: 0f1f 8400 | c402 0000 | 4889 8424 | 9800 0000 | 488b 5424 

  0x000002428c82d9e8: ;   {metadata(method data for {method} {0x00000242a04352d8} 'defineClass' '(Ljava/lang/String;[BIILjava/security/ProtectionDomain;)Ljava/lang/Class;' in 'java/lang/ClassLoader')}
  0x000002428c82d9e8: 7849 b838 | 0438 e542 | 0200 0049 | 8380 4801 

  0x000002428c82d9f8: ;   {metadata(method data for {method} {0x00000242a0434fc0} 'defineClassSourceLocation' '(Ljava/security/ProtectionDomain;)Ljava/lang/String;' in 'java/lang/ClassLoader')}
  0x000002428c82d9f8: 0000 0149 | b8d0 0f38 | e542 0200 | 0041 8b90 | cc00 0000 | 83c2 0241 | 8990 cc00 | 0000 81e2 
  0x000002428c82da18: feff 1f00 | 85d2 0f84 | df02 0000 

  0x000002428c82da24: ; implicit exception: dispatches to 0x000002428c82dd24
  0x000002428c82da24: 483b 004c 

  0x000002428c82da28: ;   {metadata(method data for {method} {0x00000242a0434fc0} 'defineClassSourceLocation' '(Ljava/security/ProtectionDomain;)Ljava/lang/String;' in 'java/lang/ClassLoader')}
  0x000002428c82da28: 8bc0 48ba | d00f 38e5 | 4202 0000 | 4883 8210 | 0100 0001 | 448b 4010 

  0x000002428c82da40: ;   {metadata(method data for {method} {0x00000242a0434fc0} 'defineClassSourceLocation' '(Ljava/security/ProtectionDomain;)Ljava/lang/String;' in 'java/lang/ClassLoader')}
  0x000002428c82da40: 4d85 c048 | bad0 0f38 | e542 0200 | 0048 c7c6 | 5801 0000 | 7507 48c7 | c648 0100 | 0048 8b3c 
  0x000002428c82da60: 3248 8d7f | 0148 893c | 320f 850f 

  0x000002428c82da6c: ;   {oop(nullptr)}
  0x000002428c82da6c: 0000 0048 | bb00 0000 | 0000 0000 | 00e9 a901 | 0000 493b | 0049 8bd0 

  0x000002428c82da84: ;   {metadata(method data for {method} {0x00000242a0434fc0} 'defineClassSourceLocation' '(Ljava/security/ProtectionDomain;)Ljava/lang/String;' in 'java/lang/ClassLoader')}
  0x000002428c82da84: 48be d00f | 38e5 4202 | 0000 4883 | 8668 0100 | 0001 418b | 500c 4885 

  0x000002428c82da9c: ;   {metadata(method data for {method} {0x00000242a0434fc0} 'defineClassSourceLocation' '(Ljava/security/ProtectionDomain;)Ljava/lang/String;' in 'java/lang/ClassLoader')}
  0x000002428c82da9c: d248 bed0 | 0f38 e542 | 0200 0048 | c7c7 b001 | 0000 7507 | 48c7 c7a0 | 0100 0048 | 8b1c 3e48 
  0x000002428c82dabc: 8d5b 0148 | 891c 3e0f | 850f 0000 

  0x000002428c82dac8: ;   {oop(nullptr)}
  0x000002428c82dac8: 0048 bb00 | 0000 0000 | 0000 00e9 | 4f01 0000 

  0x000002428c82dad8: ;   {metadata(method data for {method} {0x00000242a0434fc0} 'defineClassSourceLocation' '(Ljava/security/ProtectionDomain;)Ljava/lang/String;' in 'java/lang/ClassLoader')}
  0x000002428c82dad8: 48be d00f | 38e5 4202 | 0000 4883 | 86c0 0100 | 0001 483b | 024c 8bc2 

  0x000002428c82daf0: ;   {metadata(method data for {method} {0x00000242a0434fc0} 'defineClassSourceLocation' '(Ljava/security/ProtectionDomain;)Ljava/lang/String;' in 'java/lang/ClassLoader')}
  0x000002428c82daf0: 48be d00f | 38e5 4202 | 0000 4883 | 86f8 0100 

  0x000002428c82db00: ;   {metadata(method data for {method} {0x00000242a001abf0} 'toString' '()Ljava/lang/String;' in 'java/net/URL')}
  0x000002428c82db00: 0001 49b8 | 20ff 37e5 | 4202 0000 | 418b b0cc | 0000 0083 | c602 4189 | b0cc 0000 | 0081 e6fe 
  0x000002428c82db20: ff1f 0085 | f60f 8408 | 0200 004c 

  0x000002428c82db2c: ;   {metadata(method data for {method} {0x00000242a001abf0} 'toString' '()Ljava/lang/String;' in 'java/net/URL')}
  0x000002428c82db2c: 8bc2 48be | 20ff 37e5 | 4202 0000 | 4883 8610 | 0100 0001 

  0x000002428c82db40: ;   {metadata(method data for {method} {0x00000242a0428b60} 'toExternalForm' '()Ljava/lang/String;' in 'java/net/URL')}
  0x000002428c82db40: 49b8 e899 | 37e5 4202 | 0000 418b | b0cc 0000 | 0083 c602 | 4189 b0cc | 0000 0081 | e6fe ff1f 
  0x000002428c82db60: 0085 f60f | 84eb 0100 | 008b 7238 

  0x000002428c82db6c: ; implicit exception: dispatches to 0x000002428c82dd75
  0x000002428c82db6c: 483b 064c 

  0x000002428c82db70: ;   {metadata(method data for {method} {0x00000242a0428b60} 'toExternalForm' '()Ljava/lang/String;' in 'java/net/URL')}
  0x000002428c82db70: 8bc6 48bf | e899 37e5 | 4202 0000 | 458b 4008 | 49ba 0000 | 00a0 4202 | 0000 4d03 | c24c 3b87 
  0x000002428c82db90: 2001 0000 | 750d 4883 | 8728 0100 | 0001 e960 | 0000 004c | 3b87 3001 | 0000 750d | 4883 8738 
  0x000002428c82dbb0: 0100 0001 | e94a 0000 | 0048 83bf | 2001 0000 | 0075 174c | 8987 2001 | 0000 48c7 | 8728 0100 
  0x000002428c82dbd0: 0001 0000 | 00e9 2900 | 0000 4883 | bf30 0100 | 0000 7517 | 4c89 8730 | 0100 0048 | c787 3801 
  0x000002428c82dbf0: 0000 0100 | 0000 e908 | 0000 0048 | 8387 1001 | 0000 014c | 8bc2 488b | d60f 1f40 | 0048 b8ff 
  0x000002428c82dc10: ffff ffff 

  0x000002428c82dc14: ;   {virtual_call}
  0x000002428c82dc14: ffff ffe8 

  0x000002428c82dc18: ; ImmutableOopMap {[120]=Oop [128]=Oop [136]=Oop [152]=Oop }
                      ;*invokevirtual toExternalForm {reexecute=0 rethrow=0 return_oop=0}
                      ; - java.net.URL::toExternalForm@5
                      ; - java.net.URL::toString@1
                      ; - java.lang.ClassLoader::defineClassSourceLocation@22
                      ; - java.lang.ClassLoader::defineClass@12
  0x000002428c82dc18: 9403 1e07 

  0x000002428c82dc1c: ;   {other}
  0x000002428c82dc1c: 0f1f 8400 | 0c05 0001 | 488b d848 | 8b84 2498 | 0000 008b | b424 9400 | 0000 8bbc | 2490 0000 
  0x000002428c82dc3c: 004c 8b8c | 2488 0000 | 004c 8b84 | 2480 0000 | 0048 8b54 

  0x000002428c82dc50: ;   {metadata(method data for {method} {0x00000242a04352d8} 'defineClass' '(Ljava/lang/String;[BIILjava/security/ProtectionDomain;)Ljava/lang/Class;' in 'java/lang/ClassLoader')}
  0x000002428c82dc50: 2478 48b9 | 3804 38e5 | 4202 0000 | 4883 8180 | 0100 0001 | 4c8b da49 | 8bd3 488b | c848 891c 
  0x000002428c82dc70: 2466 0f1f 

  0x000002428c82dc74: ;   {static_call}
  0x000002428c82dc74: 4400 00e8 

  0x000002428c82dc78: ; ImmutableOopMap {[120]=Oop [152]=Oop }
                      ;*invokestatic defineClass1 {reexecute=0 rethrow=0 return_oop=0}
                      ; - java.lang.ClassLoader::defineClass@27
  0x000002428c82dc78: 641d 8907 

  0x000002428c82dc7c: ;   {other}
  0x000002428c82dc7c: 0f1f 8400 | 6c05 0002 | 488b 5424 

  0x000002428c82dc88: ;   {metadata(method data for {method} {0x00000242a04352d8} 'defineClass' '(Ljava/lang/String;[BIILjava/security/ProtectionDomain;)Ljava/lang/Class;' in 'java/lang/ClassLoader')}
  0x000002428c82dc88: 7849 b838 | 0438 e542 | 0200 0049 | 8380 9001 | 0000 014c | 8bc0 4c8b | 8c24 9800 | 0000 488b 
  0x000002428c82dca8: 5424 7848 | 8984 24a0 | 0000 000f 

  0x000002428c82dcb4: ;   {optimized virtual_call}
  0x000002428c82dcb4: 1f40 00e8 

  0x000002428c82dcb8: ; ImmutableOopMap {[160]=Oop }
                      ;*invokevirtual postDefineClass {reexecute=0 rethrow=0 return_oop=0}
                      ; - java.lang.ClassLoader::defineClass@37
  0x000002428c82dcb8: 6449 f8ff 

  0x000002428c82dcbc: ;   {other}
  0x000002428c82dcbc: 0f1f 8400 | ac05 0003 | 488b 8424 | a000 0000 | 4881 c4b0 | 0000 005d 

  0x000002428c82dcd4: ;   {poll_return}
  0x000002428c82dcd4: 493b a750 | 0400 000f | 8799 0000 

  0x000002428c82dce0: ;   {metadata({method} {0x00000242a04352d8} 'defineClass' '(Ljava/lang/String;[BIILjava/security/ProtectionDomain;)Ljava/lang/Class;' in 'java/lang/ClassLoader')}
  0x000002428c82dce0: 00c3 49ba | d052 43a0 | 4202 0000 | 4c89 5424 | 0848 c704 | 24ff ffff 

  0x000002428c82dcf8: ;   {runtime_call counter_overflow Runtime1 stub}
  0x000002428c82dcf8: ffe8 829c 

  0x000002428c82dcfc: ; ImmutableOopMap {rdx=Oop r8=Oop r9=Oop rcx=Oop [120]=Oop }
                      ;*synchronization entry
                      ; - java.lang.ClassLoader::defineClass@-1
  0x000002428c82dcfc: 1d07 e987 

  0x000002428c82dd00: ;   {metadata({method} {0x00000242a0434fc0} 'defineClassSourceLocation' '(Ljava/security/ProtectionDomain;)Ljava/lang/String;' in 'java/lang/ClassLoader')}
  0x000002428c82dd00: fcff ff49 | bab8 4f43 | a042 0200 | 004c 8954 | 2408 48c7 | 0424 ffff 

  0x000002428c82dd18: ;   {runtime_call counter_overflow Runtime1 stub}
  0x000002428c82dd18: ffff e861 

  0x000002428c82dd1c: ; ImmutableOopMap {rax=Oop [120]=Oop [128]=Oop [136]=Oop [152]=Oop }
                      ;*synchronization entry
                      ; - java.lang.ClassLoader::defineClassSourceLocation@-1
                      ; - java.lang.ClassLoader::defineClass@12
  0x000002428c82dd1c: 9c1d 07e9 | 00fd ffff 

  0x000002428c82dd24: ;   {runtime_call throw_null_pointer_exception Runtime1 stub}
  0x000002428c82dd24: e857 9514 

  0x000002428c82dd28: ; ImmutableOopMap {rax=Oop [120]=Oop [128]=Oop [136]=Oop [152]=Oop }
                      ;*invokevirtual getCodeSource {reexecute=0 rethrow=0 return_oop=0}
                      ; - java.lang.ClassLoader::defineClassSourceLocation@1
                      ; - java.lang.ClassLoader::defineClass@12
                      ;   {runtime_call throw_null_pointer_exception Runtime1 stub}
  0x000002428c82dd28: 07e8 5295 

  0x000002428c82dd2c: ; ImmutableOopMap {rax=Oop r8=Oop [120]=Oop [128]=Oop [136]=Oop [152]=Oop }
                      ;*invokevirtual getLocation {reexecute=0 rethrow=0 return_oop=0}
                      ; - java.lang.ClassLoader::defineClassSourceLocation@12
                      ; - java.lang.ClassLoader::defineClass@12
                      ;   {runtime_call throw_null_pointer_exception Runtime1 stub}
  0x000002428c82dd2c: 1407 e84d 

  0x000002428c82dd30: ; ImmutableOopMap {rdx=Oop [120]=Oop [128]=Oop [136]=Oop [152]=Oop }
                      ;*invokevirtual toString {reexecute=0 rethrow=0 return_oop=0}
                      ; - java.lang.ClassLoader::defineClassSourceLocation@22
                      ; - java.lang.ClassLoader::defineClass@12
                      ;   {metadata({method} {0x00000242a001abf0} 'toString' '()Ljava/lang/String;' in 'java/net/URL')}
  0x000002428c82dd30: 9514 0749 | bae8 ab01 | a042 0200 | 004c 8954 | 2408 48c7 | 0424 ffff 

  0x000002428c82dd48: ;   {runtime_call counter_overflow Runtime1 stub}
  0x000002428c82dd48: ffff e831 

  0x000002428c82dd4c: ; ImmutableOopMap {rdx=Oop [120]=Oop [128]=Oop [136]=Oop [152]=Oop }
                      ;*synchronization entry
                      ; - java.net.URL::toString@-1
                      ; - java.lang.ClassLoader::defineClassSourceLocation@22
                      ; - java.lang.ClassLoader::defineClass@12
  0x000002428c82dd4c: 9c1d 07e9 | d7fd ffff 

  0x000002428c82dd54: ;   {metadata({method} {0x00000242a0428b60} 'toExternalForm' '()Ljava/lang/String;' in 'java/net/URL')}
  0x000002428c82dd54: 49ba 588b | 42a0 4202 | 0000 4c89 | 5424 0848 | c704 24ff 

  0x000002428c82dd68: ;   {runtime_call counter_overflow Runtime1 stub}
  0x000002428c82dd68: ffff ffe8 

  0x000002428c82dd6c: ; ImmutableOopMap {rdx=Oop [120]=Oop [128]=Oop [136]=Oop [152]=Oop }
                      ;*synchronization entry
                      ; - java.net.URL::toExternalForm@-1
                      ; - java.net.URL::toString@1
                      ; - java.lang.ClassLoader::defineClassSourceLocation@22
                      ; - java.lang.ClassLoader::defineClass@12
  0x000002428c82dd6c: 109c 1d07 | e9f4 fdff 

  0x000002428c82dd74: ;   {runtime_call throw_null_pointer_exception Runtime1 stub}
  0x000002428c82dd74: ffe8 0695 

  0x000002428c82dd78: ; ImmutableOopMap {rdx=Oop rsi=Oop [120]=Oop [128]=Oop [136]=Oop [152]=Oop }
                      ;*invokevirtual toExternalForm {reexecute=0 rethrow=0 return_oop=0}
                      ; - java.net.URL::toExternalForm@5
                      ; - java.net.URL::toString@1
                      ; - java.lang.ClassLoader::defineClassSourceLocation@22
                      ; - java.lang.ClassLoader::defineClass@12
                      ;   {internal_word}
  0x000002428c82dd78: 1407 49ba | d4dc 828c | 4202 0000 | 4d89 9768 

  0x000002428c82dd88: ;   {runtime_call SafepointBlob}
  0x000002428c82dd88: 0400 00e9 | 706d 1207 | 498b 8700 | 0500 0049 | c787 0005 | 0000 0000 | 0000 49c7 | 8708 0500 
  0x000002428c82dda8: 0000 0000 | 0048 81c4 | b000 0000 

  0x000002428c82ddb4: ;   {runtime_call unwind_exception Runtime1 stub}
  0x000002428c82ddb4: 5de9 c6a3 | 1407 f4f4 | f4f4 f4f4 
[Stub Code]
  0x000002428c82ddc0: ;   {no_reloc}
  0x000002428c82ddc0: 0f1f 4400 

  0x000002428c82ddc4: ;   {static_stub}
  0x000002428c82ddc4: 0048 bb00 | 0000 0000 

  0x000002428c82ddcc: ;   {runtime_call nmethod}
  0x000002428c82ddcc: 0000 00e9 | fbff ffff 

  0x000002428c82ddd4: ;   {static_stub}
  0x000002428c82ddd4: 48bb 0000 | 0000 0000 

  0x000002428c82dddc: ;   {runtime_call nmethod}
  0x000002428c82dddc: 0000 e9fb 

  0x000002428c82dde0: ;   {static_stub}
  0x000002428c82dde0: ffff ff48 | bb00 0000 | 0000 0000 

  0x000002428c82ddec: ;   {runtime_call nmethod}
  0x000002428c82ddec: 00e9 fbff 

  0x000002428c82ddf0: ;   {static_stub}
  0x000002428c82ddf0: ffff 48bb | 0000 0000 | 0000 0000 

  0x000002428c82ddfc: ;   {runtime_call nmethod}
  0x000002428c82ddfc: e9fb ffff 

  0x000002428c82de00: ;   {runtime_call handle_exception_from_callee Runtime1 stub}
  0x000002428c82de00: ffe8 7aaf 

  0x000002428c82de04: ;   {external_word}
  0x000002428c82de04: 1407 48b9 | 4053 9a3d | fc7f 0000 | 4883 e4f0 

  0x000002428c82de14: ;   {runtime_call}
  0x000002428c82de14: 48b8 b0c3 | 5c3d fc7f | 0000 ffd0 

  0x000002428c82de20: ;   {section_word}
  0x000002428c82de20: f449 ba21 | de82 8c42 | 0200 0041 

  0x000002428c82de2c: ;   {runtime_call DeoptimizationBlob}
  0x000002428c82de2c: 52e9 6e5f | 1207 f4f4 | f4f4 f4f4 
[/MachCode]


Compiled method (c1) 13447 2139   !   3       org.eclipse.osgi.internal.loader.ModuleClassLoader::defineClass (67 bytes)
 total in heap  [0x000002428c8b4d10,0x000002428c8b5900] = 3056
 relocation     [0x000002428c8b4e70,0x000002428c8b4f20] = 176
 main code      [0x000002428c8b4f20,0x000002428c8b5530] = 1552
 stub code      [0x000002428c8b5530,0x000002428c8b55a0] = 112
 oops           [0x000002428c8b55a0,0x000002428c8b55a8] = 8
 metadata       [0x000002428c8b55a8,0x000002428c8b55e8] = 64
 scopes data    [0x000002428c8b55e8,0x000002428c8b5738] = 336
 scopes pcs     [0x000002428c8b5738,0x000002428c8b5848] = 272
 dependencies   [0x000002428c8b5848,0x000002428c8b5860] = 24
 handler table  [0x000002428c8b5860,0x000002428c8b58d8] = 120
 nul chk table  [0x000002428c8b58d8,0x000002428c8b5900] = 40

[Constant Pool (empty)]

[MachCode]
[Entry Point]
  # {method} {0x00000242e56284e0} 'defineClass' '(Ljava/lang/String;[BLorg/eclipse/osgi/internal/loader/classpath/ClasspathEntry;)Lorg/eclipse/osgi/internal/loader/ModuleClassLoader$DefineClassResult;' in 'org/eclipse/osgi/internal/loader/ModuleClassLoader'
  # this:     rdx:rdx   = 'org/eclipse/osgi/internal/loader/ModuleClassLoader'
  # parm0:    r8:r8     = 'java/lang/String'
  # parm1:    r9:r9     = '[B'
  # parm2:    rdi:rdi   = 'org/eclipse/osgi/internal/loader/classpath/ClasspathEntry'
  #           [sp+0xb0]  (sp of caller)
  0x000002428c8b4f20: 448b 5208 | 49bb 0000 | 00a0 4202 | 0000 4d03 | d34c 3bd0 

  0x000002428c8b4f34: ;   {runtime_call ic_miss_stub}
  0x000002428c8b4f34: 0f85 4695 | 0907 660f | 1f44 0000 
[Verified Entry Point]
  0x000002428c8b4f40: 8984 2400 | 80ff ff55 | 4881 eca0 | 0000 0090 | 4181 7f20 | 0300 0000 

  0x000002428c8b4f58: ;   {runtime_call StubRoutines (final stubs)}
  0x000002428c8b4f58: 7405 e881 

  0x000002428c8b4f5c: ;   {metadata(method data for {method} {0x00000242e56284e0} 'defineClass' '(Ljava/lang/String;[BLorg/eclipse/osgi/internal/loader/classpath/ClasspathEntry;)Lorg/eclipse/osgi/internal/loader/ModuleClassLoader$DefineClassResult;' in 'org/eclipse/osgi/internal/loader/ModuleClassLoader')}
  0x000002428c8b4f5c: 3a08 0748 | be58 1ea3 | e542 0200 | 008b 9ecc | 0000 0083 | c302 899e | cc00 0000 | 81e3 fe07 
  0x000002428c8b4f7c: 0000 85db | 0f84 6304 | 0000 4889 | 7c24 704c | 894c 2468 

  0x000002428c8b4f90: ;   {metadata(method data for {method} {0x00000242e56284e0} 'defineClass' '(Ljava/lang/String;[BLorg/eclipse/osgi/internal/loader/classpath/ClasspathEntry;)Lorg/eclipse/osgi/internal/loader/ModuleClassLoader$DefineClassResult;' in 'org/eclipse/osgi/internal/loader/ModuleClassLoader')}
  0x000002428c8b4f90: 488b f248 | bb58 1ea3 | e542 0200 | 008b 7608 | 49ba 0000 | 00a0 4202 | 0000 4903 | f248 3bb3 
  0x000002428c8b4fb0: 2001 0000 | 750d 4883 | 8328 0100 | 0001 e960 | 0000 0048 | 3bb3 3001 | 0000 750d | 4883 8338 
  0x000002428c8b4fd0: 0100 0001 | e94a 0000 | 0048 83bb | 2001 0000 | 0075 1748 | 89b3 2001 | 0000 48c7 | 8328 0100 
  0x000002428c8b4ff0: 0001 0000 | 00e9 2900 | 0000 4883 | bb30 0100 | 0000 7517 | 4889 b330 | 0100 0048 | c783 3801 
  0x000002428c8b5010: 0000 0100 | 0000 e908 | 0000 0048 | 8383 1001 

  0x000002428c8b5020: ;   {metadata(method data for {method} {0x00000242e56292e0} 'getClassLoadingLock' '(Ljava/lang/String;)Ljava/lang/Object;' in 'org/eclipse/osgi/internal/loader/ModuleClassLoader')}
  0x000002428c8b5020: 0000 0148 | be50 9a81 | e542 0200 | 008b 9ecc | 0000 0083 | c302 899e | cc00 0000 | 81e3 feff 
  0x000002428c8b5040: 1f00 85db | 0f84 c003 | 0000 8b72 | 5048 3b06 

  0x000002428c8b5050: ;   {metadata(method data for {method} {0x00000242e56292e0} 'getClassLoadingLock' '(Ljava/lang/String;)Ljava/lang/Object;' in 'org/eclipse/osgi/internal/loader/ModuleClassLoader')}
  0x000002428c8b5050: 488b de48 | b850 9a81 | e542 0200 | 0048 8380 | 1001 0000 | 0149 8bd8 | 4c8b c348 | 8954 2458 
  0x000002428c8b5070: 488b d648 | 895c 2460 | 0f1f 8000 

  0x000002428c8b507c: ;   {optimized virtual_call}
  0x000002428c8b507c: 0000 00e8 

  0x000002428c8b5080: ; ImmutableOopMap {[88]=Oop [96]=Oop [104]=Oop [112]=Oop }
                      ;*invokevirtual getLock {reexecute=0 rethrow=0 return_oop=0}
                      ; - org.eclipse.osgi.internal.loader.ModuleClassLoader::getClassLoadingLock@5 (line 437)
                      ; - org.eclipse.osgi.internal.loader.ModuleClassLoader::defineClass@8 (line 312)
  0x000002428c8b5080: 7c88 fbff 

  0x000002428c8b5084: ;   {other}
  0x000002428c8b5084: 0f1f 8400 | 7403 0000 | 4889 4424 | 7848 8d94 | 2480 0000 | 0048 8bf0 | 4889 7208 

  0x000002428c8b50a0: ; implicit exception: dispatches to 0x000002428c8b5430
  0x000002428c8b50a0: 488b 0648 | 83c8 0148 | 8902 f048 | 0fb1 160f | 8412 0000 | 0048 2bc4 | 4825 07f0 | ffff 4889 
  0x000002428c8b50c0: 020f 856e | 0300 0049 | ff87 5005 | 0000 488b 

  0x000002428c8b50d0: ;   {metadata(method data for {method} {0x00000242e56284e0} 'defineClass' '(Ljava/lang/String;[BLorg/eclipse/osgi/internal/loader/classpath/ClasspathEntry;)Lorg/eclipse/osgi/internal/loader/ModuleClassLoader$DefineClassResult;' in 'org/eclipse/osgi/internal/loader/ModuleClassLoader')}
  0x000002428c8b50d0: 5424 5848 | be58 1ea3 | e542 0200 | 0048 8386 | 4801 0000 

  0x000002428c8b50e4: ;   {metadata(method data for {method} {0x00000242a04353e0} 'findLoadedClass' '(Ljava/lang/String;)Ljava/lang/Class;' in 'java/lang/ClassLoader')}
  0x000002428c8b50e4: 0148 ba68 | b824 e542 | 0200 008b | b2cc 0000 | 0083 c602 | 89b2 cc00 | 0000 81e6 | feff 1f00 
  0x000002428c8b5104: 85f6 0f84 | 3c03 0000 

  0x000002428c8b510c: ;   {metadata(method data for {method} {0x00000242a04353e0} 'findLoadedClass' '(Ljava/lang/String;)Ljava/lang/Class;' in 'java/lang/ClassLoader')}
  0x000002428c8b510c: 48ba 68b8 | 24e5 4202 | 0000 4883 | 8210 0100 | 0001 488b | 5424 600f 

  0x000002428c8b5124: ;   {static_call}
  0x000002428c8b5124: 1f40 00e8 

  0x000002428c8b5128: ; ImmutableOopMap {[88]=Oop [96]=Oop [104]=Oop [112]=Oop [120]=Oop [136]=Oop }
                      ;*invokestatic checkName {reexecute=0 rethrow=0 return_oop=0}
                      ; - java.lang.ClassLoader::findLoadedClass@1
                      ; - org.eclipse.osgi.internal.loader.ModuleClassLoader::defineClass@17 (line 313)
  0x000002428c8b5128: 9422 8807 

  0x000002428c8b512c: ;   {other}
  0x000002428c8b512c: 0f1f 8400 | 1c04 0001 

  0x000002428c8b5134: ;   {metadata(method data for {method} {0x00000242a04353e0} 'findLoadedClass' '(Ljava/lang/String;)Ljava/lang/Class;' in 'java/lang/ClassLoader')}
  0x000002428c8b5134: 85c0 49b8 | 68b8 24e5 | 4202 0000 | 48c7 c220 | 0100 0075 | 0748 c7c2 | 3001 0000 | 498b 3410 
  0x000002428c8b5154: 488d 7601 | 4989 3410 | 0f85 0f00 

  0x000002428c8b5160: ;   {oop(nullptr)}
  0x000002428c8b5160: 0000 48be | 0000 0000 | 0000 0000 | e936 0000 | 0048 8b54 

  0x000002428c8b5174: ;   {metadata(method data for {method} {0x00000242a04353e0} 'findLoadedClass' '(Ljava/lang/String;)Ljava/lang/Class;' in 'java/lang/ClassLoader')}
  0x000002428c8b5174: 2458 49b8 | 68b8 24e5 | 4202 0000 | 4983 8040 | 0100 0001 | 4c8b 4424 | 6048 8b54 | 2458 0f1f 
  0x000002428c8b5194: ;   {optimized virtual_call}
  0x000002428c8b5194: 4400 00e8 

  0x000002428c8b5198: ; ImmutableOopMap {[88]=Oop [96]=Oop [104]=Oop [112]=Oop [120]=Oop [136]=Oop }
                      ;*invokevirtual findLoadedClass0 {reexecute=0 rethrow=0 return_oop=0}
                      ; - java.lang.ClassLoader::findLoadedClass@11
                      ; - org.eclipse.osgi.internal.loader.ModuleClassLoader::defineClass@17 (line 313)
  0x000002428c8b5198: a4e9 7b07 

  0x000002428c8b519c: ;   {other}
  0x000002428c8b519c: 0f1f 8400 | 8c04 0002 | 488b f048 

  0x000002428c8b51a8: ;   {metadata(method data for {method} {0x00000242e56284e0} 'defineClass' '(Ljava/lang/String;[BLorg/eclipse/osgi/internal/loader/classpath/ClasspathEntry;)Lorg/eclipse/osgi/internal/loader/ModuleClassLoader$DefineClassResult;' in 'org/eclipse/osgi/internal/loader/ModuleClassLoader')}
  0x000002428c8b51a8: 85f6 49b8 | 581e a3e5 | 4202 0000 | 49c7 c190 | 0100 0074 | 0749 c7c1 | 8001 0000 | 4b8b 3c08 
  0x000002428c8b51c8: 488d 7f01 | 4b89 3c08 | 0f84 0e00 | 0000 488b | de41 b800 | 0000 00e9 | 7900 0000 | 488b 7c24 
  0x000002428c8b51e8: 704c 8b4c | 2468 4c8b | 4424 6048 | 8b54 2458 

  0x000002428c8b51f8: ; implicit exception: dispatches to 0x000002428c8b5469
  0x000002428c8b51f8: 418b 710c 

  0x000002428c8b51fc: ; implicit exception: dispatches to 0x000002428c8b546e
  0x000002428c8b51fc: 483b 0748 

  0x000002428c8b5200: ;   {metadata(method data for {method} {0x00000242e56284e0} 'defineClass' '(Ljava/lang/String;[BLorg/eclipse/osgi/internal/loader/classpath/ClasspathEntry;)Lorg/eclipse/osgi/internal/loader/ModuleClassLoader$DefineClassResult;' in 'org/eclipse/osgi/internal/loader/ModuleClassLoader')}
  0x000002428c8b5200: 8bcf 48bb | 581e a3e5 | 4202 0000 

  0x000002428c8b520c: ;   {metadata('org/eclipse/osgi/internal/loader/classpath/ClasspathEntry')}
  0x000002428c8b520c: 49ba d8b7 | 0ba1 4202 | 0000 4c89 | 93b0 0100 | 0048 8383 | b801 0000 | 018b 4f10 

  0x000002428c8b5228: ;   {metadata(method data for {method} {0x00000242e56284e0} 'defineClass' '(Ljava/lang/String;[BLorg/eclipse/osgi/internal/loader/classpath/ClasspathEntry;)Lorg/eclipse/osgi/internal/loader/ModuleClassLoader$DefineClassResult;' in 'org/eclipse/osgi/internal/loader/ModuleClassLoader')}
  0x000002428c8b5228: 488b fa48 | bb58 1ea3 | e542 0200 | 0048 8383 | d801 0000 | 01bf 0000 | 0000 0f1f 

  0x000002428c8b5244: ;   {optimized virtual_call}
  0x000002428c8b5244: 4400 00e8 

  0x000002428c8b5248: ; ImmutableOopMap {[120]=Oop [136]=Oop }
                      ;*invokevirtual defineClass {reexecute=0 rethrow=0 return_oop=0}
                      ; - org.eclipse.osgi.internal.loader.ModuleClassLoader::defineClass@37 (line 315)
  0x000002428c8b5248: f486 f7ff 

  0x000002428c8b524c: ;   {other}
  0x000002428c8b524c: 0f1f 8400 | 3c05 0003 | 488b d841 | b801 0000 | 0048 8d84 | 2480 0000 | 0048 8b10 | 4885 d20f 
  0x000002428c8b526c: 840f 0000 | 0048 8b70 | 08f0 480f | b116 0f85 | f301 0000 | 49ff 8f50 

  0x000002428c8b5284: ;   {metadata(method data for {method} {0x00000242e56284e0} 'defineClass' '(Ljava/lang/String;[BLorg/eclipse/osgi/internal/loader/classpath/ClasspathEntry;)Lorg/eclipse/osgi/internal/loader/ModuleClassLoader$DefineClassResult;' in 'org/eclipse/osgi/internal/loader/ModuleClassLoader')}
  0x000002428c8b5284: 0500 0048 | ba58 1ea3 | e542 0200 | 00ff 8210 

  0x000002428c8b5294: ;   {metadata('org/eclipse/osgi/internal/loader/ModuleClassLoader$DefineClassResult')}
  0x000002428c8b5294: 0200 0048 | ba08 9e11 | a142 0200 | 0049 8b87 | b801 0000 | 488d 7818 | 493b bfc8 | 0100 000f 
  0x000002428c8b52b4: 87d0 0100 | 0049 89bf | b801 0000 | 48c7 0001 | 0000 0048 | 8bca 49ba | 0000 00a0 | 4202 0000 
  0x000002428c8b52d4: 492b ca89 | 4808 4833 | c989 480c | 4833 c948 | 8948 1048 

  0x000002428c8b52e8: ;   {metadata(method data for {method} {0x00000242e56284e0} 'defineClass' '(Ljava/lang/String;[BLorg/eclipse/osgi/internal/loader/classpath/ClasspathEntry;)Lorg/eclipse/osgi/internal/loader/ModuleClassLoader$DefineClassResult;' in 'org/eclipse/osgi/internal/loader/ModuleClassLoader')}
  0x000002428c8b52e8: 8bf0 48bf | 581e a3e5 | 4202 0000 | 4883 8728 | 0200 0001 

  0x000002428c8b52fc: ;   {metadata(method data for {method} {0x00000242e5742e90} '<init>' '(Ljava/lang/Class;Z)V' in 'org/eclipse/osgi/internal/loader/ModuleClassLoader$DefineClassResult')}
  0x000002428c8b52fc: 48be 2025 | a3e5 4202 | 0000 8bbe | cc00 0000 | 83c7 0289 | becc 0000 | 0081 e7fe | ff1f 0085 
  0x000002428c8b531c: ff0f 8473 | 0100 0048 

  0x000002428c8b5324: ;   {metadata(method data for {method} {0x00000242e5742e90} '<init>' '(Ljava/lang/Class;Z)V' in 'org/eclipse/osgi/internal/loader/ModuleClassLoader$DefineClassResult')}
  0x000002428c8b5324: 8bf0 48bf | 2025 a3e5 | 4202 0000 | 4883 8710 | 0100 0001 

  0x000002428c8b5338: ;   {metadata(method data for {method} {0x00000242a0474dc0} '<init>' '()V' in 'java/lang/Object')}
  0x000002428c8b5338: 48be d0e6 | 00e5 4202 | 0000 8bbe | cc00 0000 | 83c7 0289 | becc 0000 | 0081 e7fe | ff1f 0085 
  0x000002428c8b5358: ff0f 8458 | 0100 004c | 8bd3 4489 | 5010 488d | 3048 c1ee | 0948 bf00 | 0086 8842 | 0200 00c6 
  0x000002428c8b5378: 043e 0041 | 83e0 0144 | 8840 0c48 | 81c4 a000 

  0x000002428c8b5388: ;   {poll_return}
  0x000002428c8b5388: 0000 5d49 | 3ba7 5004 | 0000 0f87 | 4001 0000 | c349 8b87 | 0005 0000 | 4d33 d24d | 8997 0005 
  0x000002428c8b53a8: 0000 4d33 | d24d 8997 | 0805 0000 | 488b f048 | 8d84 2480 | 0000 0048 | 8b38 4885 | ff0f 840f 
  0x000002428c8b53c8: 0000 0048 | 8b58 08f0 | 480f b13b | 0f85 1401 | 0000 49ff | 8f50 0500 | 0048 8bc6 | e938 0100 
  0x000002428c8b53e8: ;   {metadata({method} {0x00000242e56284e0} 'defineClass' '(Ljava/lang/String;[BLorg/eclipse/osgi/internal/loader/classpath/ClasspathEntry;)Lorg/eclipse/osgi/internal/loader/ModuleClassLoader$DefineClassResult;' in 'org/eclipse/osgi/internal/loader/ModuleClassLoader')}
  0x000002428c8b53e8: 0049 bad8 | 8462 e542 | 0200 004c | 8954 2408 | 48c7 0424 | ffff ffff 

  0x000002428c8b5400: ;   {runtime_call counter_overflow Runtime1 stub}
  0x000002428c8b5400: e87b 2515 

  0x000002428c8b5404: ; ImmutableOopMap {rdx=Oop r8=Oop r9=Oop rdi=Oop }
                      ;*synchronization entry
                      ; - org.eclipse.osgi.internal.loader.ModuleClassLoader::defineClass@-1 (line 310)
  0x000002428c8b5404: 07e9 7cfb 

  0x000002428c8b5408: ;   {metadata({method} {0x00000242e56292e0} 'getClassLoadingLock' '(Ljava/lang/String;)Ljava/lang/Object;' in 'org/eclipse/osgi/internal/loader/ModuleClassLoader')}
  0x000002428c8b5408: ffff 49ba | d892 62e5 | 4202 0000 | 4c89 5424 | 0848 c704 | 24ff ffff 

  0x000002428c8b5420: ;   {runtime_call counter_overflow Runtime1 stub}
  0x000002428c8b5420: ffe8 5a25 

  0x000002428c8b5424: ; ImmutableOopMap {rdx=Oop r8=Oop [104]=Oop [112]=Oop }
                      ;*synchronization entry
                      ; - org.eclipse.osgi.internal.loader.ModuleClassLoader::getClassLoadingLock@-1 (line 437)
                      ; - org.eclipse.osgi.internal.loader.ModuleClassLoader::defineClass@8 (line 312)
  0x000002428c8b5424: 1507 e91f 

  0x000002428c8b5428: ;   {runtime_call throw_null_pointer_exception Runtime1 stub}
  0x000002428c8b5428: fcff ffe8 

  0x000002428c8b542c: ; ImmutableOopMap {rdx=Oop r8=Oop rsi=Oop [104]=Oop [112]=Oop }
                      ;*invokevirtual getLock {reexecute=0 rethrow=0 return_oop=0}
                      ; - org.eclipse.osgi.internal.loader.ModuleClassLoader::getClassLoadingLock@5 (line 437)
                      ; - org.eclipse.osgi.internal.loader.ModuleClassLoader::defineClass@8 (line 312)
  0x000002428c8b542c: 501e 0c07 

  0x000002428c8b5430: ;   {runtime_call throw_null_pointer_exception Runtime1 stub}
  0x000002428c8b5430: e84b 1e0c 

  0x000002428c8b5434: ; ImmutableOopMap {rsi=Oop [88]=Oop [96]=Oop [104]=Oop [112]=Oop [120]=Oop }
                      ;*monitorenter {reexecute=0 rethrow=0 return_oop=0}
                      ; - org.eclipse.osgi.internal.loader.ModuleClassLoader::defineClass@14 (line 312)
  0x000002428c8b5434: 0748 8974 | 2408 4889 

  0x000002428c8b543c: ;   {runtime_call monitorenter_nofpu Runtime1 stub}
  0x000002428c8b543c: 1424 e83d 

  0x000002428c8b5440: ; ImmutableOopMap {rsi=Oop [88]=Oop [96]=Oop [104]=Oop [112]=Oop [120]=Oop [136]=Oop }
                      ;*monitorenter {reexecute=0 rethrow=0 return_oop=0}
                      ; - org.eclipse.osgi.internal.loader.ModuleClassLoader::defineClass@14 (line 312)
  0x000002428c8b5440: 4615 07e9 | 86fc ffff 

  0x000002428c8b5448: ;   {metadata({method} {0x00000242a04353e0} 'findLoadedClass' '(Ljava/lang/String;)Ljava/lang/Class;' in 'java/lang/ClassLoader')}
  0x000002428c8b5448: 49ba d853 | 43a0 4202 | 0000 4c89 | 5424 0848 | c704 24ff 

  0x000002428c8b545c: ;   {runtime_call counter_overflow Runtime1 stub}
  0x000002428c8b545c: ffff ffe8 

  0x000002428c8b5460: ; ImmutableOopMap {[88]=Oop [96]=Oop [104]=Oop [112]=Oop [120]=Oop [136]=Oop }
                      ;*synchronization entry
                      ; - java.lang.ClassLoader::findLoadedClass@-1
                      ; - org.eclipse.osgi.internal.loader.ModuleClassLoader::defineClass@17 (line 313)
  0x000002428c8b5460: 1c25 1507 | e9a3 fcff 

  0x000002428c8b5468: ;   {runtime_call throw_null_pointer_exception Runtime1 stub}
  0x000002428c8b5468: ffe8 121e 

  0x000002428c8b546c: ; ImmutableOopMap {rdx=Oop r8=Oop r9=Oop rdi=Oop [120]=Oop [136]=Oop }
                      ;*arraylength {reexecute=0 rethrow=0 return_oop=0}
                      ; - org.eclipse.osgi.internal.loader.ModuleClassLoader::defineClass@32 (line 315)
                      ;   {runtime_call throw_null_pointer_exception Runtime1 stub}
  0x000002428c8b546c: 0c07 e80d 

  0x000002428c8b5470: ; ImmutableOopMap {rdx=Oop r8=Oop r9=Oop rdi=Oop [120]=Oop [136]=Oop }
                      ;*invokevirtual getDomain {reexecute=0 rethrow=0 return_oop=0}
                      ; - org.eclipse.osgi.internal.loader.ModuleClassLoader::defineClass@34 (line 315)
  0x000002428c8b5470: 1e0c 0748 | 8d84 2480 | 0000 0048 

  0x000002428c8b547c: ;   {runtime_call monitorexit_nofpu Runtime1 stub}
  0x000002428c8b547c: 8904 24e8 | fc3f 1507 | e9fe fdff | ff48 8bd2 

  0x000002428c8b548c: ;   {runtime_call fast_new_instance Runtime1 stub}
  0x000002428c8b548c: e86f 510c 

  0x000002428c8b5490: ; ImmutableOopMap {rbx=Oop }
                      ;*new {reexecute=0 rethrow=0 return_oop=0}
                      ; - org.eclipse.osgi.internal.loader.ModuleClassLoader::defineClass@55 (line 319)
  0x000002428c8b5490: 07e9 51fe 

  0x000002428c8b5494: ;   {metadata({method} {0x00000242e5742e90} '<init>' '(Ljava/lang/Class;Z)V' in 'org/eclipse/osgi/internal/loader/ModuleClassLoader$DefineClassResult')}
  0x000002428c8b5494: ffff 49ba | 882e 74e5 | 4202 0000 | 4c89 5424 | 0848 c704 | 24ff ffff 

  0x000002428c8b54ac: ;   {runtime_call counter_overflow Runtime1 stub}
  0x000002428c8b54ac: ffe8 ce24 

  0x000002428c8b54b0: ; ImmutableOopMap {rbx=Oop rax=Oop }
                      ;*synchronization entry
                      ; - org.eclipse.osgi.internal.loader.ModuleClassLoader$DefineClassResult::<init>@-1 (line 96)
                      ; - org.eclipse.osgi.internal.loader.ModuleClassLoader::defineClass@63 (line 319)
  0x000002428c8b54b0: 1507 e96c 

  0x000002428c8b54b4: ;   {metadata({method} {0x00000242a0474dc0} '<init>' '()V' in 'java/lang/Object')}
  0x000002428c8b54b4: feff ff49 | bab8 4d47 | a042 0200 | 004c 8954 | 2408 48c7 | 0424 ffff 

  0x000002428c8b54cc: ;   {runtime_call counter_overflow Runtime1 stub}
  0x000002428c8b54cc: ffff e8ad 

  0x000002428c8b54d0: ; ImmutableOopMap {rbx=Oop rax=Oop }
                      ;*synchronization entry
                      ; - java.lang.Object::<init>@-1
                      ; - org.eclipse.osgi.internal.loader.ModuleClassLoader$DefineClassResult::<init>@1 (line 96)
                      ; - org.eclipse.osgi.internal.loader.ModuleClassLoader::defineClass@63 (line 319)
  0x000002428c8b54d0: 2415 07e9 | 87fe ffff 

  0x000002428c8b54d8: ;   {internal_word}
  0x000002428c8b54d8: 49ba 8b53 | 8b8c 4202 | 0000 4d89 | 9768 0400 

  0x000002428c8b54e8: ;   {runtime_call SafepointBlob}
  0x000002428c8b54e8: 00e9 12f6 | 0907 488d | 8424 8000 | 0000 4889 

  0x000002428c8b54f8: ;   {runtime_call monitorexit_nofpu Runtime1 stub}
  0x000002428c8b54f8: 0424 e881 | 3f15 07e9 | ddfe ffff | 498b 8700 | 0500 0049 | c787 0005 | 0000 0000 | 0000 49c7 
  0x000002428c8b5518: 8708 0500 | 0000 0000 | 0048 81c4 | a000 0000 

  0x000002428c8b5528: ;   {runtime_call unwind_exception Runtime1 stub}
  0x000002428c8b5528: 5de9 522c | 0c07 f4f4 
[Stub Code]
  0x000002428c8b5530: ;   {no_reloc}
  0x000002428c8b5530: 48bb 0000 | 0000 0000 

  0x000002428c8b5538: ;   {runtime_call nmethod}
  0x000002428c8b5538: 0000 e9fb 

  0x000002428c8b553c: ;   {static_stub}
  0x000002428c8b553c: ffff ff48 | bb00 0000 | 0000 0000 

  0x000002428c8b5548: ;   {runtime_call nmethod}
  0x000002428c8b5548: 00e9 fbff 

  0x000002428c8b554c: ;   {static_stub}
  0x000002428c8b554c: ffff 48bb | 0000 0000 | 0000 0000 

  0x000002428c8b5558: ;   {runtime_call nmethod}
  0x000002428c8b5558: e9fb ffff 

  0x000002428c8b555c: ;   {static_stub}
  0x000002428c8b555c: ff48 bb00 | 0000 0000 

  0x000002428c8b5564: ;   {runtime_call nmethod}
  0x000002428c8b5564: 0000 00e9 | fbff ffff 
[Exception Handler]
  0x000002428c8b556c: ;   {runtime_call handle_exception_from_callee Runtime1 stub}
  0x000002428c8b556c: e80f 380c 

  0x000002428c8b5570: ;   {external_word}
  0x000002428c8b5570: 0748 b940 | 539a 3dfc | 7f00 0048 

  0x000002428c8b557c: ;   {runtime_call}
  0x000002428c8b557c: 83e4 f048 | b8b0 c35c | 3dfc 7f00 | 00ff d0f4 
[Deopt Handler Code]
  0x000002428c8b558c: ;   {section_word}
  0x000002428c8b558c: 49ba 8c55 | 8b8c 4202 | 0000 4152 

  0x000002428c8b5598: ;   {runtime_call DeoptimizationBlob}
  0x000002428c8b5598: e903 e809 | 07f4 f4f4 
[/MachCode]


---------------  P R O C E S S  ---------------

Threads class SMR info:
_java_thread_list=0x00000242ea550700, length=48, elements={
0x00000242892e4160, 0x000002429fd50380, 0x00000242e1fda090, 0x00000242e1fdb340,
0x00000242e1fdf190, 0x00000242e2000ea0, 0x00000242e2001900, 0x00000242e20027c0,
0x00000242e20043e0, 0x00000242e2223fe0, 0x00000242e4173f80, 0x00000242e48310e0,
0x00000242e48331b0, 0x00000242e4830a50, 0x00000242e4833ed0, 0x00000242e9252ad0,
0x00000242e43f7ba0, 0x00000242e4798d70, 0x00000242e4831770, 0x00000242e4832490,
0x00000242e4833840, 0x00000242e4832b20, 0x00000242e437c040, 0x00000242ea3dc700,
0x00000242ea3e08a0, 0x00000242ea3dcd90, 0x00000242ea3e0210, 0x00000242ea3e15c0,
0x00000242ea3e0f30, 0x00000242ea3e1c50, 0x00000242ea3de7d0, 0x00000242ea3e3000,
0x00000242ea3e2970, 0x00000242ea3dd420, 0x00000242ea3ddab0, 0x00000242ea3de140,
0x00000242ea3e22e0, 0x00000242ea3dee60, 0x00000242ea3dc070, 0x00000242ea3e3690,
0x00000242ea3df4f0, 0x00000242ea3dfb80, 0x00000242e48a6200, 0x00000242e48a3410,
0x00000242e48a4130, 0x00000242e48a4e50, 0x00000242e48a8960, 0x00000242e48a6890
}

Java Threads: ( => current thread )
  0x00000242892e4160 JavaThread "main"                              [_thread_blocked, id=36324, stack(0x0000009c2ea00000,0x0000009c2eb00000) (1024K)]
  0x000002429fd50380 JavaThread "Reference Handler"          daemon [_thread_blocked, id=31484, stack(0x0000009c2ee00000,0x0000009c2ef00000) (1024K)]
  0x00000242e1fda090 JavaThread "Finalizer"                  daemon [_thread_blocked, id=19912, stack(0x0000009c2ef00000,0x0000009c2f000000) (1024K)]
  0x00000242e1fdb340 JavaThread "Signal Dispatcher"          daemon [_thread_blocked, id=34844, stack(0x0000009c2f000000,0x0000009c2f100000) (1024K)]
  0x00000242e1fdf190 JavaThread "Attach Listener"            daemon [_thread_blocked, id=5096, stack(0x0000009c2f100000,0x0000009c2f200000) (1024K)]
  0x00000242e2000ea0 JavaThread "Service Thread"             daemon [_thread_blocked, id=21856, stack(0x0000009c2f200000,0x0000009c2f300000) (1024K)]
  0x00000242e2001900 JavaThread "Monitor Deflation Thread"   daemon [_thread_blocked, id=22764, stack(0x0000009c2f300000,0x0000009c2f400000) (1024K)]
  0x00000242e20027c0 JavaThread "C2 CompilerThread0"         daemon [_thread_blocked, id=21792, stack(0x0000009c2f400000,0x0000009c2f500000) (1024K)]
  0x00000242e20043e0 JavaThread "C1 CompilerThread0"         daemon [_thread_blocked, id=31692, stack(0x0000009c2f500000,0x0000009c2f600000) (1024K)]
  0x00000242e2223fe0 JavaThread "Common-Cleaner"             daemon [_thread_blocked, id=24164, stack(0x0000009c2f800000,0x0000009c2f900000) (1024K)]
  0x00000242e4173f80 JavaThread "Notification Thread"        daemon [_thread_blocked, id=9740, stack(0x0000009c2fa00000,0x0000009c2fb00000) (1024K)]
  0x00000242e48310e0 JavaThread "Active Thread: Equinox Container: 9d2c1b6a-1132-4f18-8521-f08f05d57ea5"        [_thread_blocked, id=36812, stack(0x0000009c30300000,0x0000009c30400000) (1024K)]
  0x00000242e48331b0 JavaThread "Framework Event Dispatcher: Equinox Container: 9d2c1b6a-1132-4f18-8521-f08f05d57ea5" daemon [_thread_blocked, id=11416, stack(0x0000009c2f700000,0x0000009c2f800000) (1024K)]
  0x00000242e4830a50 JavaThread "Start Level: Equinox Container: 9d2c1b6a-1132-4f18-8521-f08f05d57ea5" daemon [_thread_blocked, id=36348, stack(0x0000009c2f900000,0x0000009c2fa00000) (1024K)]
  0x00000242e4833ed0 JavaThread "SCR Component Actor"        daemon [_thread_blocked, id=13900, stack(0x0000009c2fb00000,0x0000009c2fc00000) (1024K)]
  0x00000242e9252ad0 JavaThread "C1 CompilerThread1"         daemon [_thread_blocked, id=32744, stack(0x0000009c30200000,0x0000009c30300000) (1024K)]
  0x00000242e43f7ba0 JavaThread "C1 CompilerThread2"         daemon [_thread_blocked, id=22424, stack(0x0000009c30400000,0x0000009c30500000) (1024K)]
  0x00000242e4798d70 JavaThread "C2 CompilerThread1"         daemon [_thread_blocked, id=36204, stack(0x0000009c30500000,0x0000009c30600000) (1024K)]
  0x00000242e4831770 JavaThread "Worker-JM"                         [_thread_blocked, id=36596, stack(0x0000009c30600000,0x0000009c30700000) (1024K)]
  0x00000242e4832490 JavaThread "JNA Cleaner"                daemon [_thread_blocked, id=36192, stack(0x0000009c30a00000,0x0000009c30b00000) (1024K)]
  0x00000242e4833840 JavaThread "Worker-0"                          [_thread_blocked, id=24464, stack(0x0000009c30b00000,0x0000009c30c00000) (1024K)]
  0x00000242e4832b20 JavaThread "Worker-1"                          [_thread_blocked, id=31576, stack(0x0000009c30c00000,0x0000009c30d00000) (1024K)]
  0x00000242e437c040 JavaThread "C1 CompilerThread3"         daemon [_thread_blocked, id=29744, stack(0x0000009c31200000,0x0000009c31300000) (1024K)]
  0x00000242ea3dc700 JavaThread "Thread-1"                   daemon [_thread_in_native, id=27124, stack(0x0000009c31100000,0x0000009c31200000) (1024K)]
  0x00000242ea3e08a0 JavaThread "Thread-2"                   daemon [_thread_in_native, id=14908, stack(0x0000009c31300000,0x0000009c31400000) (1024K)]
  0x00000242ea3dcd90 JavaThread "Thread-3"                   daemon [_thread_in_native, id=36380, stack(0x0000009c31400000,0x0000009c31500000) (1024K)]
  0x00000242ea3e0210 JavaThread "Thread-4"                   daemon [_thread_in_native, id=29424, stack(0x0000009c31500000,0x0000009c31600000) (1024K)]
  0x00000242ea3e15c0 JavaThread "Thread-5"                   daemon [_thread_in_native, id=29260, stack(0x0000009c31600000,0x0000009c31700000) (1024K)]
  0x00000242ea3e0f30 JavaThread "Thread-6"                   daemon [_thread_in_native, id=36364, stack(0x0000009c31700000,0x0000009c31800000) (1024K)]
  0x00000242ea3e1c50 JavaThread "Thread-7"                   daemon [_thread_in_native, id=23808, stack(0x0000009c31800000,0x0000009c31900000) (1024K)]
  0x00000242ea3de7d0 JavaThread "Thread-8"                   daemon [_thread_in_native, id=1728, stack(0x0000009c31900000,0x0000009c31a00000) (1024K)]
  0x00000242ea3e3000 JavaThread "Thread-9"                   daemon [_thread_in_native, id=7872, stack(0x0000009c31a00000,0x0000009c31b00000) (1024K)]
  0x00000242ea3e2970 JavaThread "Thread-10"                  daemon [_thread_in_native, id=32300, stack(0x0000009c31b00000,0x0000009c31c00000) (1024K)]
  0x00000242ea3dd420 JavaThread "Thread-11"                  daemon [_thread_in_native, id=16044, stack(0x0000009c31c00000,0x0000009c31d00000) (1024K)]
  0x00000242ea3ddab0 JavaThread "Thread-12"                  daemon [_thread_in_native, id=35980, stack(0x0000009c31d00000,0x0000009c31e00000) (1024K)]
  0x00000242ea3de140 JavaThread "Thread-13"                  daemon [_thread_in_native, id=14164, stack(0x0000009c31e00000,0x0000009c31f00000) (1024K)]
  0x00000242ea3e22e0 JavaThread "Thread-14"                  daemon [_thread_in_native, id=28132, stack(0x0000009c31f00000,0x0000009c32000000) (1024K)]
  0x00000242ea3dee60 JavaThread "Thread-15"                  daemon [_thread_in_native, id=2084, stack(0x0000009c32000000,0x0000009c32100000) (1024K)]
  0x00000242ea3dc070 JavaThread "Thread-16"                  daemon [_thread_in_native, id=36652, stack(0x0000009c32100000,0x0000009c32200000) (1024K)]
  0x00000242ea3e3690 JavaThread "Thread-17"                  daemon [_thread_in_native, id=22460, stack(0x0000009c32200000,0x0000009c32300000) (1024K)]
  0x00000242ea3df4f0 JavaThread "Thread-18"                  daemon [_thread_in_native, id=17184, stack(0x0000009c32300000,0x0000009c32400000) (1024K)]
  0x00000242ea3dfb80 JavaThread "Thread-19"                  daemon [_thread_in_native, id=36552, stack(0x0000009c32400000,0x0000009c32500000) (1024K)]
  0x00000242e48a6200 JavaThread "Thread-20"                  daemon [_thread_in_native, id=35976, stack(0x0000009c32500000,0x0000009c32600000) (1024K)]
  0x00000242e48a3410 JavaThread "Thread-21"                  daemon [_thread_in_native, id=36284, stack(0x0000009c32600000,0x0000009c32700000) (1024K)]
  0x00000242e48a4130 JavaThread "pool-2-thread-1"                   [_thread_blocked, id=36392, stack(0x0000009c32700000,0x0000009c32800000) (1024K)]
  0x00000242e48a4e50 JavaThread "Worker-2"                          [_thread_blocked, id=35160, stack(0x0000009c32800000,0x0000009c32900000) (1024K)]
  0x00000242e48a8960 JavaThread "WorkspaceEventsHandler"            [_thread_blocked, id=35972, stack(0x0000009c32900000,0x0000009c32a00000) (1024K)]
=>0x00000242e48a6890 JavaThread "pool-1-thread-1"                   [_thread_in_vm, id=35916, stack(0x0000009c32a00000,0x0000009c32b00000) (1024K)]
Total: 48

Other Threads:
  0x0000024289361a00 VMThread "VM Thread"                           [id=26976, stack(0x0000009c2ed00000,0x0000009c2ee00000) (1024K)]
  0x000002429fc3ca00 WatcherThread "VM Periodic Task Thread"        [id=34860, stack(0x0000009c2ec00000,0x0000009c2ed00000) (1024K)]
  0x0000024289301340 WorkerThread "GC Thread#0"                     [id=36692, stack(0x0000009c2eb00000,0x0000009c2ec00000) (1024K)]
  0x00000242e9028ab0 WorkerThread "GC Thread#1"                     [id=35012, stack(0x0000009c2fc00000,0x0000009c2fd00000) (1024K)]
  0x00000242e9028e60 WorkerThread "GC Thread#2"                     [id=35896, stack(0x0000009c2fd00000,0x0000009c2fe00000) (1024K)]
  0x00000242e9029210 WorkerThread "GC Thread#3"                     [id=23956, stack(0x0000009c2fe00000,0x0000009c2ff00000) (1024K)]
  0x00000242e4869ae0 WorkerThread "GC Thread#4"                     [id=18844, stack(0x0000009c2ff00000,0x0000009c30000000) (1024K)]
  0x00000242e90000d0 WorkerThread "GC Thread#5"                     [id=19420, stack(0x0000009c30000000,0x0000009c30100000) (1024K)]
  0x00000242e9001340 WorkerThread "GC Thread#6"                     [id=9920, stack(0x0000009c30100000,0x0000009c30200000) (1024K)]
  0x00000242e9000480 WorkerThread "GC Thread#7"                     [id=36140, stack(0x0000009c2f600000,0x0000009c2f700000) (1024K)]
  0x00000242e9000830 WorkerThread "GC Thread#8"                     [id=34768, stack(0x0000009c30700000,0x0000009c30800000) (1024K)]
  0x00000242e90016f0 WorkerThread "GC Thread#9"                     [id=9200, stack(0x0000009c30800000,0x0000009c30900000) (1024K)]
  0x00000242e9001aa0 WorkerThread "GC Thread#10"                    [id=32516, stack(0x0000009c30900000,0x0000009c30a00000) (1024K)]
  0x00000242e9607de0 WorkerThread "GC Thread#11"                    [id=36772, stack(0x0000009c30d00000,0x0000009c30e00000) (1024K)]
  0x00000242e960a670 WorkerThread "GC Thread#12"                    [id=29808, stack(0x0000009c30e00000,0x0000009c30f00000) (1024K)]
  0x00000242e9608190 WorkerThread "GC Thread#13"                    [id=2444, stack(0x0000009c30f00000,0x0000009c31000000) (1024K)]
  0x00000242e960add0 WorkerThread "GC Thread#14"                    [id=25412, stack(0x0000009c31000000,0x0000009c31100000) (1024K)]
Total: 17

Threads with active compile tasks:
Total: 0

VM state: not at safepoint (normal execution)

VM Mutex/Monitor currently owned by a thread:  ([mutex/lock_event])
[0x00007ffc3dc5c4e0] Metaspace_lock - owner thread: 0x00000242e48a6890

Heap address: 0x0000000080000000, size: 2048 MB, Compressed Oops mode: 32-bit

CDS archive(s) mapped at: [0x00000242a0000000-0x00000242a0ba0000-0x00000242a0ba0000), size 12189696, SharedBaseAddress: 0x00000242a0000000, ArchiveRelocationMode: 1.
Compressed class space mapped at: 0x00000242a1000000-0x00000242e1000000, reserved size: 1073741824
Narrow klass base: 0x00000242a0000000, Narrow klass shift: 0, Narrow klass range: 0x100000000

GC Precious Log:
 CardTable entry size: 512
 CPUs: 20 total, 20 available
 Memory: 16077M
 Large Page Support: Disabled
 NUMA Support: Disabled
 Compressed Oops: Enabled (32-bit)
 Alignments: Space 512K, Generation 512K, Heap 2M
 Heap Min Capacity: 100M
 Heap Initial Capacity: 100M
 Heap Max Capacity: 2G
 Pre-touch: Disabled
 Parallel Workers: 15

Heap:
 PSYoungGen      total 22016K, used 7742K [0x00000000d5580000, 0x00000000d6d00000, 0x0000000100000000)
  eden space 20992K, 34% used [0x00000000d5580000,0x00000000d5c7faf8,0x00000000d6a00000)
  from space 1024K, 56% used [0x00000000d6c00000,0x00000000d6c90000,0x00000000d6d00000)
  to   space 1024K, 0% used [0x00000000d6b00000,0x00000000d6b00000,0x00000000d6c00000)
 ParOldGen       total 68608K, used 27220K [0x0000000080000000, 0x0000000084300000, 0x00000000d5580000)
  object space 68608K, 39% used [0x0000000080000000,0x0000000081a95268,0x0000000084300000)
 Metaspace       used 37328K, committed 38208K, reserved 1114112K
  class space    used 3779K, committed 4224K, reserved 1048576K

Card table byte_map: [0x0000024288c60000,0x0000024289070000] _byte_map_base: 0x0000024288860000

Marking Bits: (ParMarkBitMap*) 0x00007ffc3dc63450
 Begin Bits: [0x000002429b760000, 0x000002429d760000)
 End Bits:   [0x000002429d760000, 0x000002429f760000)

Polling page: 0x0000024287140000

Metaspace:

Usage:
  Non-class:     32.76 MB used.
      Class:      3.69 MB used.
       Both:     36.45 MB used.

Virtual space:
  Non-class space:       64.00 MB reserved,      33.19 MB ( 52%) committed,  1 nodes.
      Class space:        1.00 GB reserved,       4.12 MB ( <1%) committed,  1 nodes.
             Both:        1.06 GB reserved,      37.31 MB (  3%) committed. 

Chunk freelists:
   Non-Class:  14.36 MB
       Class:  11.91 MB
        Both:  26.27 MB

MaxMetaspaceSize: unlimited
CompressedClassSpaceSize: 1.00 GB
Initial GC threshold: 21.00 MB
Current GC threshold: 58.38 MB
CDS: on
 - commit_granule_bytes: 65536.
 - commit_granule_words: 8192.
 - virtual_space_node_default_size: 8388608.
 - enlarge_chunks_in_place: 1.
 - use_allocation_guard: 0.


Internal statistics:

num_allocs_failed_limit: 8.
num_arena_births: 680.
num_arena_deaths: 14.
num_vsnodes_births: 2.
num_vsnodes_deaths: 0.
num_space_committed: 597.
num_space_uncommitted: 0.
num_chunks_returned_to_freelist: 22.
num_chunks_taken_from_freelist: 2171.
num_chunk_merges: 8.
num_chunk_splits: 1405.
num_chunks_enlarged: 909.
num_inconsistent_stats: 0.

CodeHeap 'non-profiled nmethods': size=119168Kb used=2463Kb max_used=2463Kb free=116704Kb
 bounds [0x0000024294050000, 0x00000242942c0000, 0x000002429b4b0000]
CodeHeap 'profiled nmethods': size=119104Kb used=9712Kb max_used=9974Kb free=109391Kb
 bounds [0x000002428c4b0000, 0x000002428ce90000, 0x0000024293900000]
CodeHeap 'non-nmethods': size=7488Kb used=3080Kb max_used=3102Kb free=4407Kb
 bounds [0x0000024293900000, 0x0000024293c10000, 0x0000024294050000]
CodeCache: size=245760Kb, used=15255Kb, max_used=15539Kb, free=230502Kb
 total_blobs=5262, nmethods=4569, adapters=596, full_count=0
Compilation: enabled, stopped_count=0, restarted_count=0

Compilation events (20 events):
Event: 13.365 Thread 0x00000242e9252ad0 nmethod 4950 0x00000242940de190 code [0x00000242940de320, 0x00000242940de4a8]
Event: 13.366 Thread 0x00000242e4798d70 nmethod 4951 0x00000242940ddd90 code [0x00000242940ddf20, 0x00000242940de008]
Event: 13.366 Thread 0x00000242e4798d70 4952       4       org.eclipse.osgi.internal.loader.BundleLoader::searchHooks (192 bytes)
Event: 13.367 Thread 0x00000242e20043e0 4953       3       org.eclipse.jdt.internal.core.JavaElementInfo::<init> (5 bytes)
Event: 13.367 Thread 0x00000242e20043e0 nmethod 4953 0x000002428c632410 code [0x000002428c6325c0, 0x000002428c632728]
Event: 13.368 Thread 0x00000242e20043e0 4954       3       org.eclipse.jdt.internal.core.util.WeakHashSet::add (105 bytes)
Event: 13.369 Thread 0x00000242e20043e0 nmethod 4954 0x000002428c631390 code [0x000002428c6315e0, 0x000002428c632078]
Event: 13.369 Thread 0x00000242e437c040 4955       3       java.util.Vector::elementData (7 bytes)
Event: 13.369 Thread 0x00000242e437c040 nmethod 4955 0x000002428c630e10 code [0x000002428c630fc0, 0x000002428c6310f8]
Event: 13.369 Thread 0x00000242e437c040 4956  s    3       java.util.Stack::peek (25 bytes)
Event: 13.369 Thread 0x00000242e9252ad0 4957  s    3       java.util.Vector::elementAt (48 bytes)
Event: 13.370 Thread 0x00000242e437c040 nmethod 4956 0x000002428c50af90 code [0x000002428c50b160, 0x000002428c50b620]
Event: 13.370 Thread 0x00000242e9252ad0 nmethod 4957 0x000002428c50a110 code [0x000002428c50a360, 0x000002428c50abf0]
Event: 13.375 Thread 0x00000242e9252ad0 4958       3       java.util.HashMap::putVal (300 bytes)
Event: 13.376 Thread 0x00000242e9252ad0 nmethod 4958 0x000002428c535610 code [0x000002428c5358c0, 0x000002428c5368f8]
Event: 13.379 Thread 0x00000242e437c040 4960       3       org.eclipse.core.internal.jobs.JobListeners::getJobListenerTimeout (4 bytes)
Event: 13.379 Thread 0x00000242e437c040 nmethod 4960 0x000002428c566390 code [0x000002428c566520, 0x000002428c566618]
Event: 13.382 Thread 0x00000242e20027c0 nmethod 4908% 0x00000242942b1e90 code [0x00000242942b21c0, 0x00000242942b4220]
Event: 13.382 Thread 0x00000242e20027c0 4959       4       java.util.HashMap::put (13 bytes)
Event: 13.390 Thread 0x00000242e20027c0 nmethod 4959 0x000002429417f910 code [0x000002429417fb40, 0x0000024294180380]

GC Heap History (20 events):
Event: 12.136 GC heap before
{Heap before GC invocations=11 (full 1):
 PSYoungGen      total 27648K, used 27534K [0x00000000d5580000, 0x00000000d7680000, 0x0000000100000000)
  eden space 22528K, 100% used [0x00000000d5580000,0x00000000d6b80000,0x00000000d6b80000)
  from space 5120K, 97% used [0x00000000d6c00000,0x00000000d70e3b48,0x00000000d7100000)
  to   space 5632K, 0% used [0x00000000d7100000,0x00000000d7100000,0x00000000d7680000)
 ParOldGen       total 68608K, used 10005K [0x0000000080000000, 0x0000000084300000, 0x00000000d5580000)
  object space 68608K, 14% used [0x0000000080000000,0x00000000809c5640,0x0000000084300000)
 Metaspace       used 31751K, committed 32704K, reserved 1114112K
  class space    used 3169K, committed 3584K, reserved 1048576K
}
Event: 12.139 GC heap after
{Heap after GC invocations=11 (full 1):
 PSYoungGen      total 25600K, used 3310K [0x00000000d5580000, 0x00000000d7480000, 0x0000000100000000)
  eden space 22016K, 0% used [0x00000000d5580000,0x00000000d5580000,0x00000000d6b00000)
  from space 3584K, 92% used [0x00000000d7100000,0x00000000d743b858,0x00000000d7480000)
  to   space 4096K, 0% used [0x00000000d6c80000,0x00000000d6c80000,0x00000000d7080000)
 ParOldGen       total 68608K, used 13526K [0x0000000080000000, 0x0000000084300000, 0x00000000d5580000)
  object space 68608K, 19% used [0x0000000080000000,0x0000000080d35820,0x0000000084300000)
 Metaspace       used 31751K, committed 32704K, reserved 1114112K
  class space    used 3169K, committed 3584K, reserved 1048576K
}
Event: 12.233 GC heap before
{Heap before GC invocations=12 (full 1):
 PSYoungGen      total 25600K, used 25326K [0x00000000d5580000, 0x00000000d7480000, 0x0000000100000000)
  eden space 22016K, 100% used [0x00000000d5580000,0x00000000d6b00000,0x00000000d6b00000)
  from space 3584K, 92% used [0x00000000d7100000,0x00000000d743b858,0x00000000d7480000)
  to   space 4096K, 0% used [0x00000000d6c80000,0x00000000d6c80000,0x00000000d7080000)
 ParOldGen       total 68608K, used 13526K [0x0000000080000000, 0x0000000084300000, 0x00000000d5580000)
  object space 68608K, 19% used [0x0000000080000000,0x0000000080d35820,0x0000000084300000)
 Metaspace       used 32124K, committed 33024K, reserved 1114112K
  class space    used 3226K, committed 3648K, reserved 1048576K
}
Event: 12.236 GC heap after
{Heap after GC invocations=12 (full 1):
 PSYoungGen      total 25088K, used 2641K [0x00000000d5580000, 0x00000000d7180000, 0x0000000100000000)
  eden space 22016K, 0% used [0x00000000d5580000,0x00000000d5580000,0x00000000d6b00000)
  from space 3072K, 85% used [0x00000000d6c80000,0x00000000d6f14420,0x00000000d6f80000)
  to   space 2048K, 0% used [0x00000000d6f80000,0x00000000d6f80000,0x00000000d7180000)
 ParOldGen       total 68608K, used 16544K [0x0000000080000000, 0x0000000084300000, 0x00000000d5580000)
  object space 68608K, 24% used [0x0000000080000000,0x00000000810283c0,0x0000000084300000)
 Metaspace       used 32124K, committed 33024K, reserved 1114112K
  class space    used 3226K, committed 3648K, reserved 1048576K
}
Event: 12.292 GC heap before
{Heap before GC invocations=13 (full 1):
 PSYoungGen      total 25088K, used 24657K [0x00000000d5580000, 0x00000000d7180000, 0x0000000100000000)
  eden space 22016K, 100% used [0x00000000d5580000,0x00000000d6b00000,0x00000000d6b00000)
  from space 3072K, 85% used [0x00000000d6c80000,0x00000000d6f14420,0x00000000d6f80000)
  to   space 2048K, 0% used [0x00000000d6f80000,0x00000000d6f80000,0x00000000d7180000)
 ParOldGen       total 68608K, used 16544K [0x0000000080000000, 0x0000000084300000, 0x00000000d5580000)
  object space 68608K, 24% used [0x0000000080000000,0x00000000810283c0,0x0000000084300000)
 Metaspace       used 32150K, committed 33088K, reserved 1114112K
  class space    used 3226K, committed 3648K, reserved 1048576K
}
Event: 12.295 GC heap after
{Heap after GC invocations=13 (full 1):
 PSYoungGen      total 23040K, used 2018K [0x00000000d5580000, 0x00000000d7600000, 0x0000000100000000)
  eden space 20992K, 0% used [0x00000000d5580000,0x00000000d5580000,0x00000000d6a00000)
  from space 2048K, 98% used [0x00000000d6f80000,0x00000000d7178810,0x00000000d7180000)
  to   space 5632K, 0% used [0x00000000d6a00000,0x00000000d6a00000,0x00000000d6f80000)
 ParOldGen       total 68608K, used 19516K [0x0000000080000000, 0x0000000084300000, 0x00000000d5580000)
  object space 68608K, 28% used [0x0000000080000000,0x000000008130f0b8,0x0000000084300000)
 Metaspace       used 32150K, committed 33088K, reserved 1114112K
  class space    used 3226K, committed 3648K, reserved 1048576K
}
Event: 12.341 GC heap before
{Heap before GC invocations=14 (full 1):
 PSYoungGen      total 23040K, used 23010K [0x00000000d5580000, 0x00000000d7600000, 0x0000000100000000)
  eden space 20992K, 100% used [0x00000000d5580000,0x00000000d6a00000,0x00000000d6a00000)
  from space 2048K, 98% used [0x00000000d6f80000,0x00000000d7178810,0x00000000d7180000)
  to   space 5632K, 0% used [0x00000000d6a00000,0x00000000d6a00000,0x00000000d6f80000)
 ParOldGen       total 68608K, used 19516K [0x0000000080000000, 0x0000000084300000, 0x00000000d5580000)
  object space 68608K, 28% used [0x0000000080000000,0x000000008130f0b8,0x0000000084300000)
 Metaspace       used 32153K, committed 33088K, reserved 1114112K
  class space    used 3226K, committed 3648K, reserved 1048576K
}
Event: 12.343 GC heap after
{Heap after GC invocations=14 (full 1):
 PSYoungGen      total 23552K, used 2372K [0x00000000d5580000, 0x00000000d7100000, 0x0000000100000000)
  eden space 20992K, 0% used [0x00000000d5580000,0x00000000d5580000,0x00000000d6a00000)
  from space 2560K, 92% used [0x00000000d6a00000,0x00000000d6c51000,0x00000000d6c80000)
  to   space 3584K, 0% used [0x00000000d6d80000,0x00000000d6d80000,0x00000000d7100000)
 ParOldGen       total 68608K, used 21458K [0x0000000080000000, 0x0000000084300000, 0x00000000d5580000)
  object space 68608K, 31% used [0x0000000080000000,0x00000000814f4a78,0x0000000084300000)
 Metaspace       used 32153K, committed 33088K, reserved 1114112K
  class space    used 3226K, committed 3648K, reserved 1048576K
}
Event: 12.399 GC heap before
{Heap before GC invocations=15 (full 1):
 PSYoungGen      total 23552K, used 23364K [0x00000000d5580000, 0x00000000d7100000, 0x0000000100000000)
  eden space 20992K, 100% used [0x00000000d5580000,0x00000000d6a00000,0x00000000d6a00000)
  from space 2560K, 92% used [0x00000000d6a00000,0x00000000d6c51000,0x00000000d6c80000)
  to   space 3584K, 0% used [0x00000000d6d80000,0x00000000d6d80000,0x00000000d7100000)
 ParOldGen       total 68608K, used 21458K [0x0000000080000000, 0x0000000084300000, 0x00000000d5580000)
  object space 68608K, 31% used [0x0000000080000000,0x00000000814f4a78,0x0000000084300000)
 Metaspace       used 32189K, committed 33152K, reserved 1114112K
  class space    used 3226K, committed 3712K, reserved 1048576K
}
Event: 12.402 GC heap after
{Heap after GC invocations=15 (full 1):
 PSYoungGen      total 23552K, used 2496K [0x00000000d5580000, 0x00000000d7000000, 0x0000000100000000)
  eden space 20992K, 0% used [0x00000000d5580000,0x00000000d5580000,0x00000000d6a00000)
  from space 2560K, 97% used [0x00000000d6d80000,0x00000000d6ff0010,0x00000000d7000000)
  to   space 3072K, 0% used [0x00000000d6a00000,0x00000000d6a00000,0x00000000d6d00000)
 ParOldGen       total 68608K, used 23656K [0x0000000080000000, 0x0000000084300000, 0x00000000d5580000)
  object space 68608K, 34% used [0x0000000080000000,0x000000008171a0a0,0x0000000084300000)
 Metaspace       used 32189K, committed 33152K, reserved 1114112K
  class space    used 3226K, committed 3712K, reserved 1048576K
}
Event: 12.462 GC heap before
{Heap before GC invocations=16 (full 1):
 PSYoungGen      total 23552K, used 23488K [0x00000000d5580000, 0x00000000d7000000, 0x0000000100000000)
  eden space 20992K, 100% used [0x00000000d5580000,0x00000000d6a00000,0x00000000d6a00000)
  from space 2560K, 97% used [0x00000000d6d80000,0x00000000d6ff0010,0x00000000d7000000)
  to   space 3072K, 0% used [0x00000000d6a00000,0x00000000d6a00000,0x00000000d6d00000)
 ParOldGen       total 68608K, used 23656K [0x0000000080000000, 0x0000000084300000, 0x00000000d5580000)
  object space 68608K, 34% used [0x0000000080000000,0x000000008171a0a0,0x0000000084300000)
 Metaspace       used 32281K, committed 33280K, reserved 1114112K
  class space    used 3232K, committed 3712K, reserved 1048576K
}
Event: 12.464 GC heap after
{Heap after GC invocations=16 (full 1):
 PSYoungGen      total 23552K, used 2176K [0x00000000d5580000, 0x00000000d6f00000, 0x0000000100000000)
  eden space 20992K, 0% used [0x00000000d5580000,0x00000000d5580000,0x00000000d6a00000)
  from space 2560K, 85% used [0x00000000d6a00000,0x00000000d6c20000,0x00000000d6c80000)
  to   space 2560K, 0% used [0x00000000d6c80000,0x00000000d6c80000,0x00000000d6f00000)
 ParOldGen       total 68608K, used 25936K [0x0000000080000000, 0x0000000084300000, 0x00000000d5580000)
  object space 68608K, 37% used [0x0000000080000000,0x00000000819540b0,0x0000000084300000)
 Metaspace       used 32281K, committed 33280K, reserved 1114112K
  class space    used 3232K, committed 3712K, reserved 1048576K
}
Event: 12.814 GC heap before
{Heap before GC invocations=17 (full 1):
 PSYoungGen      total 23552K, used 23168K [0x00000000d5580000, 0x00000000d6f00000, 0x0000000100000000)
  eden space 20992K, 100% used [0x00000000d5580000,0x00000000d6a00000,0x00000000d6a00000)
  from space 2560K, 85% used [0x00000000d6a00000,0x00000000d6c20000,0x00000000d6c80000)
  to   space 2560K, 0% used [0x00000000d6c80000,0x00000000d6c80000,0x00000000d6f00000)
 ParOldGen       total 68608K, used 25936K [0x0000000080000000, 0x0000000084300000, 0x00000000d5580000)
  object space 68608K, 37% used [0x0000000080000000,0x00000000819540b0,0x0000000084300000)
 Metaspace       used 34854K, committed 35776K, reserved 1114112K
  class space    used 3532K, committed 3968K, reserved 1048576K
}
Event: 12.816 GC heap after
{Heap after GC invocations=17 (full 1):
 PSYoungGen      total 22016K, used 924K [0x00000000d5580000, 0x00000000d6d80000, 0x0000000100000000)
  eden space 20992K, 0% used [0x00000000d5580000,0x00000000d5580000,0x00000000d6a00000)
  from space 1024K, 90% used [0x00000000d6c80000,0x00000000d6d67280,0x00000000d6d80000)
  to   space 1536K, 0% used [0x00000000d6a80000,0x00000000d6a80000,0x00000000d6c00000)
 ParOldGen       total 68608K, used 27949K [0x0000000080000000, 0x0000000084300000, 0x00000000d5580000)
  object space 68608K, 40% used [0x0000000080000000,0x0000000081b4b540,0x0000000084300000)
 Metaspace       used 34854K, committed 35776K, reserved 1114112K
  class space    used 3532K, committed 3968K, reserved 1048576K
}
Event: 12.859 GC heap before
{Heap before GC invocations=18 (full 1):
 PSYoungGen      total 22016K, used 3897K [0x00000000d5580000, 0x00000000d6d80000, 0x0000000100000000)
  eden space 20992K, 14% used [0x00000000d5580000,0x00000000d5867458,0x00000000d6a00000)
  from space 1024K, 90% used [0x00000000d6c80000,0x00000000d6d67280,0x00000000d6d80000)
  to   space 1536K, 0% used [0x00000000d6a80000,0x00000000d6a80000,0x00000000d6c00000)
 ParOldGen       total 68608K, used 27949K [0x0000000080000000, 0x0000000084300000, 0x00000000d5580000)
  object space 68608K, 40% used [0x0000000080000000,0x0000000081b4b540,0x0000000084300000)
 Metaspace       used 34923K, committed 35840K, reserved 1114112K
  class space    used 3548K, committed 3968K, reserved 1048576K
}
Event: 12.859 GC heap after
{Heap after GC invocations=18 (full 1):
 PSYoungGen      total 22528K, used 416K [0x00000000d5580000, 0x00000000d6d00000, 0x0000000100000000)
  eden space 20992K, 0% used [0x00000000d5580000,0x00000000d5580000,0x00000000d6a00000)
  from space 1536K, 27% used [0x00000000d6a80000,0x00000000d6ae8000,0x00000000d6c00000)
  to   space 1024K, 0% used [0x00000000d6c00000,0x00000000d6c00000,0x00000000d6d00000)
 ParOldGen       total 68608K, used 28703K [0x0000000080000000, 0x0000000084300000, 0x00000000d5580000)
  object space 68608K, 41% used [0x0000000080000000,0x0000000081c07d68,0x0000000084300000)
 Metaspace       used 34923K, committed 35840K, reserved 1114112K
  class space    used 3548K, committed 3968K, reserved 1048576K
}
Event: 12.859 GC heap before
{Heap before GC invocations=19 (full 2):
 PSYoungGen      total 22528K, used 416K [0x00000000d5580000, 0x00000000d6d00000, 0x0000000100000000)
  eden space 20992K, 0% used [0x00000000d5580000,0x00000000d5580000,0x00000000d6a00000)
  from space 1536K, 27% used [0x00000000d6a80000,0x00000000d6ae8000,0x00000000d6c00000)
  to   space 1024K, 0% used [0x00000000d6c00000,0x00000000d6c00000,0x00000000d6d00000)
 ParOldGen       total 68608K, used 28703K [0x0000000080000000, 0x0000000084300000, 0x00000000d5580000)
  object space 68608K, 41% used [0x0000000080000000,0x0000000081c07d68,0x0000000084300000)
 Metaspace       used 34923K, committed 35840K, reserved 1114112K
  class space    used 3548K, committed 3968K, reserved 1048576K
}
Event: 12.891 GC heap after
{Heap after GC invocations=19 (full 2):
 PSYoungGen      total 22528K, used 0K [0x00000000d5580000, 0x00000000d6d00000, 0x0000000100000000)
  eden space 20992K, 0% used [0x00000000d5580000,0x00000000d5580000,0x00000000d6a00000)
  from space 1536K, 0% used [0x00000000d6a80000,0x00000000d6a80000,0x00000000d6c00000)
  to   space 1024K, 0% used [0x00000000d6c00000,0x00000000d6c00000,0x00000000d6d00000)
 ParOldGen       total 68608K, used 27212K [0x0000000080000000, 0x0000000084300000, 0x00000000d5580000)
  object space 68608K, 39% used [0x0000000080000000,0x0000000081a93268,0x0000000084300000)
 Metaspace       used 34923K, committed 35840K, reserved 1114112K
  class space    used 3548K, committed 3968K, reserved 1048576K
}
Event: 13.232 GC heap before
{Heap before GC invocations=20 (full 2):
 PSYoungGen      total 22528K, used 20992K [0x00000000d5580000, 0x00000000d6d00000, 0x0000000100000000)
  eden space 20992K, 100% used [0x00000000d5580000,0x00000000d6a00000,0x00000000d6a00000)
  from space 1536K, 0% used [0x00000000d6a80000,0x00000000d6a80000,0x00000000d6c00000)
  to   space 1024K, 0% used [0x00000000d6c00000,0x00000000d6c00000,0x00000000d6d00000)
 ParOldGen       total 68608K, used 27212K [0x0000000080000000, 0x0000000084300000, 0x00000000d5580000)
  object space 68608K, 39% used [0x0000000080000000,0x0000000081a93268,0x0000000084300000)
 Metaspace       used 36300K, committed 37248K, reserved 1114112K
  class space    used 3668K, committed 4096K, reserved 1048576K
}
Event: 13.233 GC heap after
{Heap after GC invocations=20 (full 2):
 PSYoungGen      total 22016K, used 576K [0x00000000d5580000, 0x00000000d6d00000, 0x0000000100000000)
  eden space 20992K, 0% used [0x00000000d5580000,0x00000000d5580000,0x00000000d6a00000)
  from space 1024K, 56% used [0x00000000d6c00000,0x00000000d6c90000,0x00000000d6d00000)
  to   space 1024K, 0% used [0x00000000d6b00000,0x00000000d6b00000,0x00000000d6c00000)
 ParOldGen       total 68608K, used 27220K [0x0000000080000000, 0x0000000084300000, 0x00000000d5580000)
  object space 68608K, 39% used [0x0000000080000000,0x0000000081a95268,0x0000000084300000)
 Metaspace       used 36300K, committed 37248K, reserved 1114112K
  class space    used 3668K, committed 4096K, reserved 1048576K
}

Dll operation events (10 events):
Event: 0.117 Loaded shared library c:\Users\13372\.trae-cn\extensions\redhat.java-1.53.0-win32-x64\jre\21.0.10-win32-x86_64\bin\java.dll
Event: 0.168 Loaded shared library c:\Users\13372\.trae-cn\extensions\redhat.java-1.53.0-win32-x64\jre\21.0.10-win32-x86_64\bin\zip.dll
Event: 0.252 Loaded shared library C:\Users\13372\.trae-cn\extensions\redhat.java-1.53.0-win32-x64\jre\21.0.10-win32-x86_64\bin\instrument.dll
Event: 0.332 Loaded shared library C:\Users\13372\.trae-cn\extensions\redhat.java-1.53.0-win32-x64\jre\21.0.10-win32-x86_64\bin\net.dll
Event: 0.388 Loaded shared library C:\Users\13372\.trae-cn\extensions\redhat.java-1.53.0-win32-x64\jre\21.0.10-win32-x86_64\bin\nio.dll
Event: 0.392 Loaded shared library C:\Users\13372\.trae-cn\extensions\redhat.java-1.53.0-win32-x64\jre\21.0.10-win32-x86_64\bin\zip.dll
Event: 0.413 Loaded shared library C:\Users\13372\.trae-cn\extensions\redhat.java-1.53.0-win32-x64\jre\21.0.10-win32-x86_64\bin\jimage.dll
Event: 0.565 Loaded shared library c:\Users\13372\.trae-cn\extensions\redhat.java-1.53.0-win32-x64\jre\21.0.10-win32-x86_64\bin\verify.dll
Event: 9.559 Loaded shared library C:\Users\13372\AppData\Roaming\Trae CN\User\globalStorage\redhat.java\1.53.0\config_ss_win\org.eclipse.equinox.launcher\org.eclipse.equinox.launcher.win32.win32.x86_64_1.3.0.v20260203-2149\eclipse_11919.dll
Event: 10.416 Loaded shared library C:\Users\13372\AppData\Local\Temp\jna-46822636\jna17136065208329359924.dll

Deoptimization events (20 events):
Event: 13.344 Thread 0x00000242e48a6890 Uncommon trap: trap_request=0xffffff45 fr.pc=0x0000024294245478 relative=0x0000000000000a38
Event: 13.344 Thread 0x00000242e48a6890 Uncommon trap: reason=unstable_if action=reinterpret pc=0x0000024294245478 method=org.eclipse.jdt.internal.core.util.WeakHashSet.cleanupGarbageCollectedValues()V @ 140 c2
Event: 13.344 Thread 0x00000242e48a6890 DEOPT PACKING pc=0x0000024294245478 sp=0x0000009c32afdfb0
Event: 13.344 Thread 0x00000242e48a6890 DEOPT UNPACKING pc=0x0000024293953aa2 sp=0x0000009c32afdeb8 mode 2
Event: 13.370 Thread 0x00000242e48a6890 Uncommon trap: trap_request=0xffffffde fr.pc=0x00000242942a3958 relative=0x0000000000000738
Event: 13.370 Thread 0x00000242e48a6890 Uncommon trap: reason=class_check action=maybe_recompile pc=0x00000242942a3958 method=java.util.HashMap.putVal(ILjava/lang/Object;Ljava/lang/Object;ZZ)Ljava/lang/Object; @ 203 c2
Event: 13.370 Thread 0x00000242e48a6890 DEOPT PACKING pc=0x00000242942a3958 sp=0x0000009c32afdcc0
Event: 13.370 Thread 0x00000242e48a6890 DEOPT UNPACKING pc=0x0000024293953aa2 sp=0x0000009c32afdbc8 mode 2
Event: 13.370 Thread 0x00000242e48a6890 Uncommon trap: trap_request=0xffffffde fr.pc=0x00000242942a3958 relative=0x0000000000000738
Event: 13.370 Thread 0x00000242e48a6890 Uncommon trap: reason=class_check action=maybe_recompile pc=0x00000242942a3958 method=java.util.HashMap.putVal(ILjava/lang/Object;Ljava/lang/Object;ZZ)Ljava/lang/Object; @ 203 c2
Event: 13.370 Thread 0x00000242e48a6890 DEOPT PACKING pc=0x00000242942a3958 sp=0x0000009c32afdcc0
Event: 13.370 Thread 0x00000242e48a6890 DEOPT UNPACKING pc=0x0000024293953aa2 sp=0x0000009c32afdbc8 mode 2
Event: 13.370 Thread 0x00000242e48a6890 Uncommon trap: trap_request=0xffffffde fr.pc=0x00000242940603b8 relative=0x0000000000000698
Event: 13.370 Thread 0x00000242e48a6890 Uncommon trap: reason=class_check action=maybe_recompile pc=0x00000242940603b8 method=java.util.HashMap.putVal(ILjava/lang/Object;Ljava/lang/Object;ZZ)Ljava/lang/Object; @ 203 c2
Event: 13.370 Thread 0x00000242e48a6890 DEOPT PACKING pc=0x00000242940603b8 sp=0x0000009c32afdc30
Event: 13.370 Thread 0x00000242e48a6890 DEOPT UNPACKING pc=0x0000024293953aa2 sp=0x0000009c32afdbd0 mode 2
Event: 13.375 Thread 0x00000242e48a6890 Uncommon trap: trap_request=0xffffff45 fr.pc=0x00000242940afba0 relative=0x0000000000000440
Event: 13.375 Thread 0x00000242e48a6890 Uncommon trap: reason=unstable_if action=reinterpret pc=0x00000242940afba0 method=java.util.HashMap.resize()[Ljava/util/HashMap$Node; @ 203 c2
Event: 13.375 Thread 0x00000242e48a6890 DEOPT PACKING pc=0x00000242940afba0 sp=0x0000009c32afe2a0
Event: 13.375 Thread 0x00000242e48a6890 DEOPT UNPACKING pc=0x0000024293953aa2 sp=0x0000009c32afe208 mode 2

Classes loaded (20 events):
Event: 12.649 Loading class java/util/stream/Nodes$IntFixedNodeBuilder
Event: 12.649 Loading class java/util/stream/Node$Builder$OfInt
Event: 12.649 Loading class java/util/stream/Node$Builder$OfInt done
Event: 12.649 Loading class java/util/stream/Nodes$IntArrayNode
Event: 12.649 Loading class java/util/stream/Nodes$IntArrayNode done
Event: 12.650 Loading class java/util/stream/Nodes$IntFixedNodeBuilder done
Event: 12.650 Loading class java/util/stream/ReferencePipeline$4$1
Event: 12.650 Loading class java/util/stream/ReferencePipeline$4$1 done
Event: 12.918 Loading class java/util/Vector$1
Event: 12.918 Loading class java/util/Vector$1 done
Event: 13.173 Loading class java/util/regex/Pattern$Caret
Event: 13.173 Loading class java/util/regex/Pattern$Caret done
Event: 13.284 Loading class java/util/regex/Pattern$End
Event: 13.284 Loading class java/util/regex/Pattern$End done
Event: 13.284 Loading class java/util/regex/Pattern$Pos
Event: 13.284 Loading class java/util/regex/Pattern$Pos done
Event: 13.375 Loading class java/util/Hashtable$ValueCollection
Event: 13.375 Loading class java/util/Hashtable$ValueCollection done
Event: 13.378 Loading class java/util/WeakHashMap$KeyIterator
Event: 13.378 Loading class java/util/WeakHashMap$KeyIterator done

Classes unloaded (7 events):
Event: 10.897 Thread 0x0000024289361a00 Unloading class 0x00000242a1189c00 'java/lang/invoke/LambdaForm$MH+0x00000242a1189c00'
Event: 10.897 Thread 0x0000024289361a00 Unloading class 0x00000242a1189800 'java/lang/invoke/LambdaForm$MH+0x00000242a1189800'
Event: 10.897 Thread 0x0000024289361a00 Unloading class 0x00000242a1189400 'java/lang/invoke/LambdaForm$MH+0x00000242a1189400'
Event: 10.897 Thread 0x0000024289361a00 Unloading class 0x00000242a1189000 'java/lang/invoke/LambdaForm$MH+0x00000242a1189000'
Event: 10.897 Thread 0x0000024289361a00 Unloading class 0x00000242a1188c00 'java/lang/invoke/LambdaForm$BMH+0x00000242a1188c00'
Event: 10.897 Thread 0x0000024289361a00 Unloading class 0x00000242a1188800 'java/lang/invoke/LambdaForm$DMH+0x00000242a1188800'
Event: 10.897 Thread 0x0000024289361a00 Unloading class 0x00000242a1183800 'java/lang/invoke/LambdaForm$DMH+0x00000242a1183800'

Classes redefined (0 events):
No events

Internal exceptions (20 events):
Event: 11.690 Thread 0x00000242892e4160 Exception <a 'java/lang/NoSuchMethodError'{0x00000000d62aa058}: 'void java.lang.invoke.DirectMethodHandle$Holder.invokeSpecial(java.lang.Object, java.lang.Object, java.lang.Object, java.lang.Object, java.lang.Object, java.lang.Object)'> (0x00000000d62aa058) 
thrown [s\src\hotspot\share\interpreter\linkResolver.cpp, line 773]
Event: 11.691 Thread 0x00000242892e4160 Exception <a 'java/lang/IncompatibleClassChangeError'{0x00000000d62b2510}: Found class java.lang.Object, but interface was expected> (0x00000000d62b2510) 
thrown [s\src\hotspot\share\interpreter\linkResolver.cpp, line 840]
Event: 11.691 Thread 0x00000242892e4160 Exception <a 'java/lang/IncompatibleClassChangeError'{0x00000000d62b42c0}: Found class java.lang.Object, but interface was expected> (0x00000000d62b42c0) 
thrown [s\src\hotspot\share\interpreter\linkResolver.cpp, line 840]
Event: 11.796 Thread 0x00000242e48a6890 Exception <a 'java/lang/NoSuchMethodError'{0x00000000d6837d28}: 'java.lang.Object java.lang.invoke.DirectMethodHandle$Holder.invokeInterface(java.lang.Object, java.lang.Object, java.lang.Object)'> (0x00000000d6837d28) 
thrown [s\src\hotspot\share\interpreter\linkResolver.cpp, line 773]
Event: 11.814 Thread 0x00000242e48a6890 Exception <a 'java/io/FileNotFoundException'{0x00000000d68db8d0}> (0x00000000d68db8d0) 
thrown [s\src\hotspot\share\prims\jni.cpp, line 520]
Event: 11.849 Thread 0x00000242e48a6890 Exception <a 'sun/nio/fs/WindowsException'{0x00000000d583c478}> (0x00000000d583c478) 
thrown [s\src\hotspot\share\prims\jni.cpp, line 520]
Event: 11.892 Thread 0x00000242e48a6890 Exception <a 'java/lang/IncompatibleClassChangeError'{0x00000000d5adb988}: Found class java.lang.Object, but interface was expected> (0x00000000d5adb988) 
thrown [s\src\hotspot\share\interpreter\linkResolver.cpp, line 840]
Event: 12.025 Thread 0x00000242e48a6890 Implicit null exception at 0x00000242941dca77 to 0x00000242941dcce8
Event: 12.025 Thread 0x00000242e48a6890 Exception <a 'java/lang/NoSuchMethodError'{0x00000000d5f171d8}: 'long java.lang.invoke.DirectMethodHandle$Holder.invokeStatic(java.lang.Object, java.lang.Object, int)'> (0x00000000d5f171d8) 
thrown [s\src\hotspot\share\interpreter\linkResolver.cpp, line 773]
Event: 12.026 Thread 0x00000242e48a6890 Exception <a 'java/lang/NoSuchMethodError'{0x00000000d5f21a20}: 'java.lang.Object java.lang.invoke.DelegatingMethodHandle$Holder.reinvoke_L(java.lang.Object, int, long, java.lang.Object, java.lang.Object, int, java.lang.Object)'> (0x00000000d5f21a20) 
thrown [s\src\hotspot\share\interpreter\linkResolver.cpp, line 773]
Event: 12.107 Thread 0x00000242e48a6890 Exception <a 'java/lang/NoSuchMethodError'{0x00000000d64b4798}: 'java.lang.Object java.lang.invoke.DirectMethodHandle$Holder.invokeStaticInit(java.lang.Object, java.lang.Object, java.lang.Object, java.lang.Object, java.lang.Object, java.lang.Object, java.lang.Object)'> (0x00000000d64b4798) 
thrown [s\src\hotspot\share\interpreter\linkResolver.cpp, line 773]
Event: 12.108 Thread 0x00000242e48a6890 Exception <a 'java/lang/NoSuchMethodError'{0x00000000d64b99b8}: 'java.lang.Object java.lang.invoke.Invokers$Holder.invoke_MT(java.lang.Object, java.lang.Object, java.lang.Object, java.lang.Object, java.lang.Object, java.lang.Object, java.lang.Object, java.lang.Object, java.lang.Object, java.lang.Object)'> (0x00000000d64b99b8) 
thrown [s\src\hotspot\share\interpreter\linkResolver.cpp, line 773]
Event: 12.111 Thread 0x00000242e48a6890 Exception <a 'java/lang/NoSuchMethodError'{0x00000000d64f9d08}: 'int java.lang.invoke.DirectMethodHandle$Holder.invokeVirtual(java.lang.Object, java.lang.Object, java.lang.Object)'> (0x00000000d64f9d08) 
thrown [s\src\hotspot\share\interpreter\linkResolver.cpp, line 773]
Event: 12.111 Thread 0x00000242e48a6890 Exception <a 'java/lang/NoSuchMethodError'{0x00000000d64fe318}: 'int java.lang.invoke.DirectMethodHandle$Holder.invokeStaticInit(java.lang.Object, int, int)'> (0x00000000d64fe318) 
thrown [s\src\hotspot\share\interpreter\linkResolver.cpp, line 773]
Event: 12.112 Thread 0x00000242e48a6890 Exception <a 'java/lang/NoSuchMethodError'{0x00000000d6505ac0}: 'int java.lang.invoke.DirectMethodHandle$Holder.invokeStaticInit(java.lang.Object, long, long)'> (0x00000000d6505ac0) 
thrown [s\src\hotspot\share\interpreter\linkResolver.cpp, line 773]
Event: 12.112 Thread 0x00000242e48a6890 Exception <a 'java/lang/NoSuchMethodError'{0x00000000d650c808}: 'int java.lang.invoke.DirectMethodHandle$Holder.invokeStaticInit(java.lang.Object, float, float)'> (0x00000000d650c808) 
thrown [s\src\hotspot\share\interpreter\linkResolver.cpp, line 773]
Event: 12.113 Thread 0x00000242e48a6890 Exception <a 'java/lang/NoSuchMethodError'{0x00000000d65138f8}: 'int java.lang.invoke.DirectMethodHandle$Holder.invokeStaticInit(java.lang.Object, double, double)'> (0x00000000d65138f8) 
thrown [s\src\hotspot\share\interpreter\linkResolver.cpp, line 773]
Event: 12.113 Thread 0x00000242e48a6890 Exception <a 'java/lang/NoSuchMethodError'{0x00000000d6518110}: 'int java.lang.invoke.DirectMethodHandle$Holder.invokeStatic(java.lang.Object, long)'> (0x00000000d6518110) 
thrown [s\src\hotspot\share\interpreter\linkResolver.cpp, line 773]
Event: 12.116 Thread 0x00000242e48a6890 Exception <a 'java/lang/NoSuchMethodError'{0x00000000d6537038}: 'int java.lang.invoke.Invokers$Holder.linkToTargetMethod(java.lang.Object, java.lang.Object)'> (0x00000000d6537038) 
thrown [s\src\hotspot\share\interpreter\linkResolver.cpp, line 773]
Event: 12.601 Thread 0x00000242e48a6890 Exception <a 'java/lang/NoSuchMethodError'{0x00000000d5f42c60}: 'java.lang.Object java.lang.invoke.DirectMethodHandle$Holder.invokeVirtual(java.lang.Object, java.lang.Object, int)'> (0x00000000d5f42c60) 
thrown [s\src\hotspot\share\interpreter\linkResolver.cpp, line 773]

ZGC Phase Switch (0 events):
No events

VM Operations (20 events):
Event: 12.454 Executing non-safepoint VM operation: HandshakeAllThreads (Deoptimize)
Event: 12.455 Executing non-safepoint VM operation: HandshakeAllThreads (Deoptimize) done
Event: 12.455 Executing non-safepoint VM operation: HandshakeAllThreads (Deoptimize)
Event: 12.455 Executing non-safepoint VM operation: HandshakeAllThreads (Deoptimize) done
Event: 12.462 Executing safepoint VM operation: ParallelGCFailedAllocation (Allocation Failure)
Event: 12.464 Executing safepoint VM operation: ParallelGCFailedAllocation (Allocation Failure) done
Event: 12.610 Executing non-safepoint VM operation: HandshakeAllThreads (Deoptimize)
Event: 12.611 Executing non-safepoint VM operation: HandshakeAllThreads (Deoptimize) done
Event: 12.663 Executing non-safepoint VM operation: HandshakeAllThreads (Deoptimize)
Event: 12.663 Executing non-safepoint VM operation: HandshakeAllThreads (Deoptimize) done
Event: 12.814 Executing safepoint VM operation: ParallelGCFailedAllocation (Allocation Failure)
Event: 12.816 Executing safepoint VM operation: ParallelGCFailedAllocation (Allocation Failure) done
Event: 12.859 Executing safepoint VM operation: CollectForMetadataAllocation (Metadata GC Threshold)
Event: 12.891 Executing safepoint VM operation: CollectForMetadataAllocation (Metadata GC Threshold) done
Event: 12.891 Executing safepoint VM operation: CollectForMetadataAllocation (Metadata GC Threshold)
Event: 12.891 Executing safepoint VM operation: CollectForMetadataAllocation (Metadata GC Threshold) done
Event: 13.232 Executing safepoint VM operation: ParallelGCFailedAllocation (Allocation Failure)
Event: 13.233 Executing safepoint VM operation: ParallelGCFailedAllocation (Allocation Failure) done
Event: 13.320 Executing non-safepoint VM operation: HandshakeAllThreads (Deoptimize)
Event: 13.320 Executing non-safepoint VM operation: HandshakeAllThreads (Deoptimize) done

Memory protections (0 events):
No events

Nmethod flushes (20 events):
Event: 12.877 Thread 0x0000024289361a00 flushing  nmethod 0x000002428c82d110
Event: 12.877 Thread 0x0000024289361a00 flushing  nmethod 0x000002428c82eb10
Event: 12.877 Thread 0x0000024289361a00 flushing  nmethod 0x000002428c82f710
Event: 12.877 Thread 0x0000024289361a00 flushing  nmethod 0x000002428c832d90
Event: 12.877 Thread 0x0000024289361a00 flushing  nmethod 0x000002428c85d710
Event: 12.877 Thread 0x0000024289361a00 flushing  nmethod 0x000002428c85f510
Event: 12.877 Thread 0x0000024289361a00 flushing  nmethod 0x000002428c85f810
Event: 12.877 Thread 0x0000024289361a00 flushing  nmethod 0x000002428c876390
Event: 12.877 Thread 0x0000024289361a00 flushing  nmethod 0x000002428c8e5c10
Event: 12.877 Thread 0x0000024289361a00 flushing  nmethod 0x000002428c8e8190
Event: 12.877 Thread 0x0000024289361a00 flushing  nmethod 0x000002428c94cd90
Event: 12.877 Thread 0x0000024289361a00 flushing  nmethod 0x000002428c963f10
Event: 12.877 Thread 0x0000024289361a00 flushing  nmethod 0x000002428c964e90
Event: 12.877 Thread 0x0000024289361a00 flushing  nmethod 0x000002428c99e910
Event: 12.877 Thread 0x0000024289361a00 flushing  nmethod 0x000002428c9abd90
Event: 12.877 Thread 0x0000024289361a00 flushing  nmethod 0x000002428c9c2010
Event: 12.877 Thread 0x0000024289361a00 flushing  nmethod 0x000002428c9eb110
Event: 12.877 Thread 0x0000024289361a00 flushing  nmethod 0x000002428c9ebb90
Event: 12.877 Thread 0x0000024289361a00 flushing  nmethod 0x000002428c9fd210
Event: 12.877 Thread 0x0000024289361a00 flushing  nmethod 0x000002428ca06e10

Events (20 events):
Event: 11.498 Thread 0x00000242892e4160 Thread added: 0x00000242ea3e0f30
Event: 11.498 Thread 0x00000242892e4160 Thread added: 0x00000242ea3e1c50
Event: 11.498 Thread 0x00000242892e4160 Thread added: 0x00000242ea3de7d0
Event: 11.498 Thread 0x00000242892e4160 Thread added: 0x00000242ea3e3000
Event: 11.498 Thread 0x00000242892e4160 Thread added: 0x00000242ea3e2970
Event: 11.498 Thread 0x00000242892e4160 Thread added: 0x00000242ea3dd420
Event: 11.498 Thread 0x00000242892e4160 Thread added: 0x00000242ea3ddab0
Event: 11.498 Thread 0x00000242892e4160 Thread added: 0x00000242ea3de140
Event: 11.499 Thread 0x00000242892e4160 Thread added: 0x00000242ea3e22e0
Event: 11.499 Thread 0x00000242892e4160 Thread added: 0x00000242ea3dee60
Event: 11.499 Thread 0x00000242892e4160 Thread added: 0x00000242ea3dc070
Event: 11.499 Thread 0x00000242892e4160 Thread added: 0x00000242ea3e3690
Event: 11.499 Thread 0x00000242892e4160 Thread added: 0x00000242ea3df4f0
Event: 11.499 Thread 0x00000242892e4160 Thread added: 0x00000242ea3dfb80
Event: 11.500 Thread 0x00000242892e4160 Thread added: 0x00000242e48a6200
Event: 11.500 Thread 0x00000242892e4160 Thread added: 0x00000242e48a3410
Event: 11.529 Thread 0x00000242892e4160 Thread added: 0x00000242e48a4130
Event: 11.668 Thread 0x00000242e4833840 Thread added: 0x00000242e48a4e50
Event: 11.711 Thread 0x00000242892e4160 Thread added: 0x00000242e48a8960
Event: 11.711 Thread 0x00000242892e4160 Thread added: 0x00000242e48a6890


Dynamic libraries:
0x00007ff770dc0000 - 0x00007ff770dce000 	c:\Users\13372\.trae-cn\extensions\redhat.java-1.53.0-win32-x64\jre\21.0.10-win32-x86_64\bin\java.exe
0x00007ffd011f0000 - 0x00007ffd01408000 	C:\windows\SYSTEM32\ntdll.dll
0x00007ffd006c0000 - 0x00007ffd00784000 	C:\windows\System32\KERNEL32.DLL
0x00007ffcfe670000 - 0x00007ffcfea43000 	C:\windows\System32\KERNELBASE.dll
0x00007ffcfe4d0000 - 0x00007ffcfe5e1000 	C:\windows\System32\ucrtbase.dll
0x00007ffcf62d0000 - 0x00007ffcf62ee000 	c:\Users\13372\.trae-cn\extensions\redhat.java-1.53.0-win32-x64\jre\21.0.10-win32-x86_64\bin\VCRUNTIME140.dll
0x00007ffcee5e0000 - 0x00007ffcee5f8000 	c:\Users\13372\.trae-cn\extensions\redhat.java-1.53.0-win32-x64\jre\21.0.10-win32-x86_64\bin\jli.dll
0x00007ffcff050000 - 0x00007ffcff202000 	C:\windows\System32\USER32.dll
0x00007ffcfea50000 - 0x00007ffcfea76000 	C:\windows\System32\win32u.dll
0x00007ffcde230000 - 0x00007ffcde4cc000 	C:\windows\WinSxS\amd64_microsoft.windows.common-controls_6595b64144ccf1df_6.0.22621.6060_none_2712eda17382d24b\COMCTL32.dll
0x00007ffd00530000 - 0x00007ffd00559000 	C:\windows\System32\GDI32.dll
0x00007ffd00a90000 - 0x00007ffd00b37000 	C:\windows\System32\msvcrt.dll
0x00007ffcfe330000 - 0x00007ffcfe44b000 	C:\windows\System32\gdi32full.dll
0x00007ffcfed30000 - 0x00007ffcfedca000 	C:\windows\System32\msvcp_win.dll
0x00007ffd00790000 - 0x00007ffd007c1000 	C:\windows\System32\IMM32.DLL
0x0000000051180000 - 0x000000005118d000 	C:\Program Files (x86)\360\360Safe\safemon\SafeWrapper.dll
0x00007ffcff430000 - 0x00007ffcff4e1000 	C:\windows\System32\ADVAPI32.dll
0x00007ffcff7a0000 - 0x00007ffcff848000 	C:\windows\System32\sechost.dll
0x00007ffcfe300000 - 0x00007ffcfe328000 	C:\windows\System32\bcrypt.dll
0x00007ffcff520000 - 0x00007ffcff638000 	C:\windows\System32\RPCRT4.dll
0x00007ffcf6560000 - 0x00007ffcf6665000 	C:\Program Files (x86)\360\360Safe\safemon\libzdtp64.dll
0x00007ffcff850000 - 0x00007ffd000ec000 	C:\windows\System32\SHELL32.dll
0x00007ffcfebf0000 - 0x00007ffcfed2f000 	C:\windows\System32\wintypes.dll
0x00007ffd00190000 - 0x00007ffd00521000 	C:\windows\System32\combase.dll
0x00007ffd00120000 - 0x00007ffd00189000 	C:\windows\System32\SHLWAPI.dll
0x00007ffcfde80000 - 0x00007ffcfde8a000 	C:\windows\SYSTEM32\VERSION.dll
0x00007ffcf6380000 - 0x00007ffcf638c000 	c:\Users\13372\.trae-cn\extensions\redhat.java-1.53.0-win32-x64\jre\21.0.10-win32-x86_64\bin\vcruntime140_1.dll
0x00007ffccca30000 - 0x00007ffcccabd000 	c:\Users\13372\.trae-cn\extensions\redhat.java-1.53.0-win32-x64\jre\21.0.10-win32-x86_64\bin\msvcp140.dll
0x00007ffc3cfa0000 - 0x00007ffc3dd41000 	c:\Users\13372\.trae-cn\extensions\redhat.java-1.53.0-win32-x64\jre\21.0.10-win32-x86_64\bin\server\jvm.dll
0x00007ffcfee90000 - 0x00007ffcfef01000 	C:\windows\System32\WS2_32.dll
0x00007ffcfdfb0000 - 0x00007ffcfdffd000 	C:\windows\SYSTEM32\POWRPROF.dll
0x00007ffcf3550000 - 0x00007ffcf3584000 	C:\windows\SYSTEM32\WINMM.dll
0x00007ffcfdf20000 - 0x00007ffcfdf33000 	C:\windows\SYSTEM32\UMPDC.dll
0x00007ffcfd1f0000 - 0x00007ffcfd208000 	C:\windows\SYSTEM32\kernel.appcore.dll
0x00007ffccde30000 - 0x00007ffccde3a000 	c:\Users\13372\.trae-cn\extensions\redhat.java-1.53.0-win32-x64\jre\21.0.10-win32-x86_64\bin\jimage.dll
0x00007ffcfbc40000 - 0x00007ffcfbe73000 	C:\windows\SYSTEM32\DBGHELP.DLL
0x00007ffd00be0000 - 0x00007ffd00cb8000 	C:\windows\System32\OLEAUT32.dll
0x00007ffca9160000 - 0x00007ffca9192000 	C:\windows\SYSTEM32\dbgcore.DLL
0x00007ffcfe450000 - 0x00007ffcfe4cb000 	C:\windows\System32\bcryptPrimitives.dll
0x00007ffcee5d0000 - 0x00007ffcee5df000 	c:\Users\13372\.trae-cn\extensions\redhat.java-1.53.0-win32-x64\jre\21.0.10-win32-x86_64\bin\instrument.dll
0x00007ffccd650000 - 0x00007ffccd670000 	c:\Users\13372\.trae-cn\extensions\redhat.java-1.53.0-win32-x64\jre\21.0.10-win32-x86_64\bin\java.dll
0x00007ffcfc130000 - 0x00007ffcfca4a000 	C:\windows\SYSTEM32\windows.storage.dll
0x00007ffd007d0000 - 0x00007ffd008d4000 	C:\windows\System32\SHCORE.dll
0x00007ffcfe230000 - 0x00007ffcfe255000 	C:\windows\SYSTEM32\profapi.dll
0x00007ffcccd40000 - 0x00007ffcccd58000 	c:\Users\13372\.trae-cn\extensions\redhat.java-1.53.0-win32-x64\jre\21.0.10-win32-x86_64\bin\zip.dll
0x00007ffcee5c0000 - 0x00007ffcee5d0000 	C:\Users\13372\.trae-cn\extensions\redhat.java-1.53.0-win32-x64\jre\21.0.10-win32-x86_64\bin\net.dll
0x00007ffcf5480000 - 0x00007ffcf55ac000 	C:\windows\SYSTEM32\WINHTTP.dll
0x00007ffcfd6b0000 - 0x00007ffcfd719000 	C:\windows\system32\mswsock.dll
0x00007ffcccf80000 - 0x00007ffcccf96000 	C:\Users\13372\.trae-cn\extensions\redhat.java-1.53.0-win32-x64\jre\21.0.10-win32-x86_64\bin\nio.dll
0x00007ffccd640000 - 0x00007ffccd650000 	c:\Users\13372\.trae-cn\extensions\redhat.java-1.53.0-win32-x64\jre\21.0.10-win32-x86_64\bin\verify.dll
0x00007ffccd130000 - 0x00007ffccd175000 	C:\Users\13372\AppData\Roaming\Trae CN\User\globalStorage\redhat.java\1.53.0\config_ss_win\org.eclipse.equinox.launcher\org.eclipse.equinox.launcher.win32.win32.x86_64_1.3.0.v20260203-2149\eclipse_11919.dll
0x00007ffd008e0000 - 0x00007ffd00a81000 	C:\windows\System32\ole32.dll
0x00007ffcfd9a0000 - 0x00007ffcfd9bb000 	C:\windows\SYSTEM32\CRYPTSP.dll
0x00007ffcfd150000 - 0x00007ffcfd187000 	C:\windows\system32\rsaenh.dll
0x00007ffcfd750000 - 0x00007ffcfd778000 	C:\windows\SYSTEM32\USERENV.dll
0x00007ffcfd8b0000 - 0x00007ffcfd8bc000 	C:\windows\SYSTEM32\CRYPTBASE.dll
0x00007ffcfdea0000 - 0x00007ffcfdecd000 	C:\windows\SYSTEM32\IPHLPAPI.DLL
0x00007ffcff4f0000 - 0x00007ffcff4f9000 	C:\windows\System32\NSI.dll
0x00007ffcccee0000 - 0x00007ffcccf29000 	C:\Users\13372\AppData\Local\Temp\jna-46822636\jna17136065208329359924.dll
0x00007ffcfef10000 - 0x00007ffcfef18000 	C:\windows\System32\PSAPI.DLL
0x00007ffcf3530000 - 0x00007ffcf3549000 	C:\windows\SYSTEM32\dhcpcsvc6.DLL
0x00007ffcf3510000 - 0x00007ffcf352f000 	C:\windows\SYSTEM32\dhcpcsvc.DLL

JVMTI agents:
c:\Users\13372\.trae-cn\extensions\redhat.java-1.53.0-win32-x64\lombok\lombok-1.18.39-4050.jar path:c:\Users\13372\.trae-cn\extensions\redhat.java-1.53.0-win32-x64\jre\21.0.10-win32-x86_64\bin\instrument.dll, loaded, initialized, instrumentlib options:none

dbghelp: loaded successfully - version: 4.0.5 - missing functions: none
symbol engine: initialized successfully - sym options: 0x614 - pdb path: .;c:\Users\13372\.trae-cn\extensions\redhat.java-1.53.0-win32-x64\jre\21.0.10-win32-x86_64\bin;C:\windows\SYSTEM32;C:\windows\WinSxS\amd64_microsoft.windows.common-controls_6595b64144ccf1df_6.0.22621.6060_none_2712eda17382d24b;C:\Program Files (x86)\360\360Safe\safemon;c:\Users\13372\.trae-cn\extensions\redhat.java-1.53.0-win32-x64\jre\21.0.10-win32-x86_64\bin\server;C:\Users\13372\AppData\Roaming\Trae CN\User\globalStorage\redhat.java\1.53.0\config_ss_win\org.eclipse.equinox.launcher\org.eclipse.equinox.launcher.win32.win32.x86_64_1.3.0.v20260203-2149;C:\Users\13372\AppData\Local\Temp\jna-46822636

VM Arguments:
jvm_args: --add-modules=ALL-SYSTEM --add-opens=java.base/java.util=ALL-UNNAMED --add-opens=java.base/java.lang=ALL-UNNAMED --add-opens=java.base/sun.nio.fs=ALL-UNNAMED -Declipse.application=org.eclipse.jdt.ls.core.id1 -Dosgi.bundles.defaultStartLevel=4 -Declipse.product=org.eclipse.jdt.ls.core.product -Djava.import.generatesMetadataFilesAtProjectRoot=false -DDetectVMInstallationsJob.disabled=true -Dfile.encoding=utf8 -XX:+UseParallelGC -XX:GCTimeRatio=4 -XX:AdaptiveSizePolicyWeight=90 -Dsun.zip.disableMemoryMapping=true -Xmx2G -Xms100m -Xlog:disable -javaagent:c:\Users\13372\.trae-cn\extensions\redhat.java-1.53.0-win32-x64\lombok\lombok-1.18.39-4050.jar 
java_command: c:\Users\13372\.trae-cn\extensions\redhat.java-1.53.0-win32-x64\server\plugins\org.eclipse.equinox.launcher_1.7.100.v20251111-0406.jar -configuration c:\Users\13372\AppData\Roaming\Trae CN\User\globalStorage\redhat.java\1.53.0\config_ss_win -data c:\Users\13372\AppData\Roaming\Trae CN\User\workspaceStorage\4b5feb811c54631e0f5b78dfcdf9e2d6\redhat.java\ss_ws --pipe=\\.\pipe\lsp-b4aaf59d2366c7342e0dbf568b35448a-sock
java_class_path (initial): c:\Users\13372\.trae-cn\extensions\redhat.java-1.53.0-win32-x64\server\plugins\org.eclipse.equinox.launcher_1.7.100.v20251111-0406.jar
Launcher Type: SUN_STANDARD

[Global flags]
    uintx AdaptiveSizePolicyWeight                 = 90                                        {product} {command line}
     intx CICompilerCount                          = 12                                        {product} {ergonomic}
    uintx GCTimeRatio                              = 4                                         {product} {command line}
   size_t InitialHeapSize                          = 104857600                                 {product} {command line}
   size_t MaxHeapSize                              = 2147483648                                {product} {command line}
   size_t MaxNewSize                               = 715653120                                 {product} {ergonomic}
   size_t MinHeapDeltaBytes                        = 524288                                    {product} {ergonomic}
   size_t MinHeapSize                              = 104857600                                 {product} {command line}
   size_t NewSize                                  = 34603008                                  {product} {ergonomic}
    uintx NonNMethodCodeHeapSize                   = 7602480                                {pd product} {ergonomic}
    uintx NonProfiledCodeHeapSize                  = 122027880                              {pd product} {ergonomic}
   size_t OldSize                                  = 70254592                                  {product} {ergonomic}
    uintx ProfiledCodeHeapSize                     = 122027880                              {pd product} {ergonomic}
    uintx ReservedCodeCacheSize                    = 251658240                              {pd product} {ergonomic}
     bool SegmentedCodeCache                       = true                                      {product} {ergonomic}
   size_t SoftMaxHeapSize                          = 2147483648                             {manageable} {ergonomic}
     bool UseCompressedOops                        = true                           {product lp64_product} {ergonomic}
     bool UseLargePagesIndividualAllocation        = false                                  {pd product} {ergonomic}
     bool UseParallelGC                            = true                                      {product} {command line}

Logging:
Log output configuration:
 #0: stdout all=off uptime,level,tags foldmultilines=false
 #1: stderr all=off uptime,level,tags foldmultilines=false

Release file:
JAVA_VERSION="21.0.10" 
MODULES="java.base java.compiler java.datatransfer java.xml java.prefs java.desktop java.instrument java.logging java.management java.security.sasl java.naming java.rmi java.management.rmi java.net.http java.scripting java.security.jgss java.transaction.xa java.sql java.sql.rowset java.xml.crypto java.se java.smartcardio jdk.accessibility jdk.internal.jvmstat jdk.attach jdk.charsets jdk.internal.opt jdk.zipfs jdk.compiler jdk.crypto.ec jdk.crypto.cryptoki jdk.crypto.mscapi jdk.dynalink jdk.internal.ed jdk.editpad jdk.hotspot.agent jdk.httpserver jdk.internal.le jdk.internal.vm.ci jdk.internal.vm.compiler jdk.internal.vm.compiler.management jdk.jartool jdk.javadoc jdk.jcmd jdk.management jdk.management.agent jdk.jconsole jdk.jdeps jdk.jdwp.agent jdk.jdi jdk.jfr jdk.jshell jdk.jsobject jdk.jstatd jdk.localedata jdk.management.jfr jdk.naming.dns jdk.naming.rmi jdk.net jdk.nio.mapmode jdk.random jdk.sctp jdk.security.auth jdk.security.jgss jdk.unsupported jdk.unsupported.desktop jdk.xml.dom" 

Environment Variables:
JAVA_HOME=C:\Program Files\Java\jdk-17
PATH=c:\Users\13372\.trae-cn\tools\trae-gopls\current;c:\Users\13372\.trae-cn\sdks\workspaces\4b5feb81\versions\node\current;c:\Users\13372\.trae-cn\sdks\versions\node\current;D:\Program Files (x86)\VMware\bin\;C:\Program Files (x86)\Common Files\Intel\Shared Libraries\redist\intel64\compiler;C:\Program Files\Java\jdk-17\bin;D:\Maven\apache-maven-3.9.11\bin;C:\Program Files\Common Files\Oracle\Java\javapath;C:\windows\system32;C:\windows;C:\windows\System32\Wbem;C:\windows\System32\WindowsPowerShell\v1.0\;C:\windows\System32\OpenSSH\;C:\Program Files (x86)\NVIDIA Corporation\PhysX\Common;C:\Users\Administrator\AppData\Local\Microsoft\WindowsApps;C:\Program Files\HP\OMEN-Broadcast\Common;D:\Windows Kits\10\Windows Performance Toolkit\;C:\Program Files\NVIDIA Corporation\NVIDIA NvDLISR;C:\Program Files\Git\cmd;C:\Program Files (x86)\Microsoft SQL Server\160\DTS\Binn\;C:\Program Files (x86)\Microsoft SQL Server\160\Tools\Binn\;C:\Program Files\Microsoft SQL Server\160\Tools\Binn\;C:\Program Files\Microsoft SQL Server\Client SDK\ODBC\170\Tools\Binn\;C:\Program Files\Microsoft SQL Server\160\DTS\Binn\;C:\Program Files\TortoiseSVN\bin;D:\SVN\VisualSVN Server\bin;D:\download\微信web开发者工具\dll;D:\download\;C:\Windows\dll;;C:\Program Files\python;C:\Program Files\python\Scripts;;D:\download\BtSoft\panel\script;;C:\Program Files\Docker\Docker\resources\bin;C:\Program Files\dotnet\;C:\ProgramData\chocolatey\bin;C:\Program Files (x86)\NetSarang\Xshell 8\;D:\13372\download\Xshell\XFTp\;d:\13372\download\Trae CN\bin;C:\Users\13372\scoop\shims;C:\Users\13372\.local\bin;c:\Users\13372\AppData\Local\Programs\Trae\bin;C:\Program Files (x86)\Microsoft\Edge\Application;D:\Program Files (x86)\VMware\bin\;C:\Program Files (x86)\Common Files\Intel\Shared Libraries\redist\intel64\compiler;C:\Program Files\Java\jdk-17\bin;D:\Maven\apache-maven-3.9.11\bin;C:\Program Files\Common Files\Oracle\Java\javapath;C:\windows\system32;C:\windows;C:\windows\System32\Wbem;C:\windows\System32\WindowsPowerShell\v1.0\;C:\windows\System32\OpenSSH\;C:\Program Files (x86)\NVIDIA Corporation\PhysX\Common;C:\Users\Administrator\AppData\Local\Microsoft\WindowsApps;C:\Program Files\HP\OMEN-Broadcast\Common;D:\Windows Kits\10\Windows Performance Toolkit\;C:\Program Files\NVIDIA Corporation\NVIDIA NvDLISR;C:\Program Files\Git\cmd;C:\Program Files (x86)\Microsoft SQL Server\160\DTS\Binn\;C:\Program Files (x86)\Microsoft SQL Server\160\Tools\Binn\;C:\Program Files\Microsoft SQL Server\160\Tools\Binn\;C:\Program Files\Microsoft SQL Server\Client SDK\ODBC\170\Tools\Binn\;C:\Program Files\Microsoft SQL Server\160\DTS\Binn\;C:\Program Files\TortoiseSVN\bin;D:\SVN\VisualSVN Server\bin;D:\download\微信web开发者工具\dll;D:\download\;C:\Windows\dll;C:\Program Files\python;C:\Program Files\python\Scripts;D:\download\BtSoft\panel\script;C:\Program Files\Docker\Docker\resources\bin;C:\Program Files\dotnet\;C:\ProgramData\chocolatey\bin;D:\Program Files (x86)\VMware\bin\;C:\Program Files (x86)\Common Files\Intel\Shared Libraries\redist\intel64\compiler;C:\Program Files\Java\jdk-17\bin;D:\Maven\apache-maven-3.9.11\bin;C:\Program Files\Common Files\Oracle\Java\javapath;C:\windows\system32;C:\windows;C:\windows\System32\Wbem;C:\windows\System32\WindowsPowerShell\v1.0\;C:\windows\System32\OpenSSH\;C:\Program Files (x86)\NVIDIA Corporation\PhysX\Common;C:\Users\Administrator\AppData\Local\Microsoft\WindowsApps;C:\Program Files\HP\OMEN-Broadcast\Common;D:\Windows Kits\10\Windows Performance Toolkit\;C:\Program Files\NVIDIA Corporation\NVIDIA NvDLISR;C:\Program Files\Git\cmd;C:\Program Files (x86)\Microsoft SQL Server\160\DTS\Binn\;C:\Program Files (x86)\Microsoft SQL Server\160\Tools\Binn\;C:\Program Files\Microsoft SQL Server\160\Tools\Binn\;C:\Program Files\Microsoft SQL Server\Client SDK\ODBC\170\Tools\Binn\;C:\Program Files\Microsoft SQL Server\160\DTS\Binn\;C:\Program Files\TortoiseSVN\bin;D:\SVN\VisualSVN Server\bin;D:\download\微信web开发者工具\dll;D:\download\;C:\Windows\dll;C:\Program Files\python;C:\Program Files\python\Scripts;D:\download\BtSoft\panel\script;C:\Program Files\Docker\Docker\resources\bin;C:\Program Files\dotnet\;C:\ProgramData\chocolatey\bin;D:\Vue\npm-global;C:\Users\13372\AppData\Local\Programs\Microsoft VS Code\bin;C:\Users\13372\AppData\Local\Programs\cursor\resources\app\bin;D:\Vue\npm-global;C:\Users\13372\AppData\Local\Programs\Microsoft VS Code\bin;C:\Users\13372\AppData\Local\Programs\cursor\resources\app\bin;d:\13372\download\Trae CN\resources\app\bin\lib
USERNAME=13372
OS=Windows_NT
PROCESSOR_IDENTIFIER=Intel64 Family 6 Model 183 Stepping 1, GenuineIntel
TMP=C:\Users\13372\AppData\Local\Temp
TEMP=C:\Users\13372\AppData\Local\Temp




Periodic native trim disabled

---------------  S Y S T E M  ---------------

OS:
 Windows 11 , 64 bit Build 22621 (10.0.22621.5415)
OS uptime: 1 days 9:16 hours
Hyper-V role detected

CPU: total 20 (initial active 20) (10 cores per cpu, 2 threads per core) family 6 model 183 stepping 1 microcode 0x124, cx8, cmov, fxsr, ht, mmx, 3dnowpref, sse, sse2, sse3, ssse3, sse4.1, sse4.2, popcnt, lzcnt, tsc, tscinvbit, avx, avx2, aes, erms, clmul, bmi1, bmi2, adx, sha, fma, vzeroupper, clflush, clflushopt, clwb, hv, serialize, rdtscp, rdpid, fsrm, f16c, cet_ibt, cet_ss
Processor Information for the first 20 processors :
  Max Mhz: 2600, Current Mhz: 2600, Mhz Limit: 2600

Memory: 4k page, system-wide physical 16077M (384M free)
TotalPageFile size 40653M (AvailPageFile size 101M)
current process WorkingSet (physical memory assigned to process): 201M, peak: 203M
current process commit charge ("private bytes"): 335M, peak: 342M

vm_info: OpenJDK 64-Bit Server VM (21.0.10+7-LTS) for windows-amd64 JRE (21.0.10+7-LTS), built on 2026-01-20T00:00:00Z by "admin" with MS VC++ 17.12 (VS2022)

END.
